interaction_id,ticket_id,occurred_at,actor,kind,body
INT-0000001,TCK-004401,2026-08-17T08:31:00Z,customer,message,Storage fees on invoice 88214 look wrong
INT-0000002,TCK-004401,2026-08-17T10:33:00Z,agent,message,First response.
INT-0000003,TCK-004405,2026-08-17T11:02:00Z,customer,message,Wave 4471 will not release
INT-0000004,TCK-004405,2026-08-17T12:03:00Z,agent,message,First response.
INT-0000005,TCK-004409,2026-08-18T06:44:00Z,customer,message,EDI feed rejecting with E-114
INT-0000006,TCK-004409,2026-08-18T09:07:00Z,agent,message,First response.
INT-0000007,TCK-004411,2026-08-18T09:10:00Z,customer,message,Operator cannot log in
INT-0000008,TCK-004411,2026-08-18T17:10:00Z,agent,message,First response.
INT-0000009,TCK-004417,2026-08-19T09:02:00Z,customer,message,Refund window for over-billing
INT-0000010,TCK-004417,2026-08-19T10:30:00Z,agent,message,First response.
INT-0000011,TCK-004420,2026-08-19T13:55:00Z,customer,message,Variance threshold
INT-0000012,TCK-004420,2026-08-19T15:31:00Z,agent,message,First response.
INT-0000013,TCK-004424,2026-08-20T07:19:00Z,customer,message,Deflection number changed
INT-0000014,TCK-004424,2026-08-20T09:36:00Z,agent,message,First response.
INT-0000015,TCK-004429,2026-08-20T15:41:00Z,customer,message,Receipt posting twice
INT-0000016,TCK-004429,2026-08-20T17:23:00Z,agent,message,First response.
INT-0000017,TCK-004433,2026-08-21T08:05:00Z,customer,message,How fast are corrections processed
INT-0000018,TCK-004433,2026-08-21T10:11:00Z,agent,message,First response.
INT-0000019,TCK-004438,2026-08-21T10:33:00Z,customer,message,Putaway suggesting a full zone
INT-0000020,TCK-004438,2026-08-21T12:33:00Z,agent,message,First response.
INT-0100001,TCK-005001,2026-06-09T09:41:00Z,customer,message,Initial report.
INT-0100002,TCK-005001,2026-06-09T10:52:00Z,agent,message,First response.
INT-0100003,TCK-005002,2026-06-17T18:32:00Z,customer,message,Initial report.
INT-0100004,TCK-005002,2026-06-17T20:28:00Z,agent,message,First response.
INT-0100005,TCK-005003,2026-06-21T10:42:00Z,customer,message,Initial report.
INT-0100006,TCK-005003,2026-06-21T13:17:00Z,agent,message,First response.
INT-0100007,TCK-005004,2026-06-09T08:47:00Z,customer,message,Initial report.
INT-0100008,TCK-005004,2026-06-09T10:44:00Z,agent,message,First response.
INT-0100009,TCK-005005,2026-06-25T09:14:00Z,customer,message,Initial report.
INT-0100010,TCK-005005,2026-06-25T12:10:00Z,agent,message,First response.
INT-0100011,TCK-005006,2026-06-25T16:02:00Z,customer,message,Initial report.
INT-0100012,TCK-005006,2026-06-25T19:10:00Z,agent,message,First response.
INT-0100013,TCK-005007,2026-06-23T09:08:00Z,customer,message,Initial report.
INT-0100014,TCK-005007,2026-06-23T10:32:00Z,agent,message,First response.
INT-0100015,TCK-005008,2026-06-14T18:55:00Z,customer,message,Initial report.
INT-0100016,TCK-005008,2026-06-14T21:48:00Z,agent,message,First response.
INT-0100017,TCK-005009,2026-06-07T13:35:00Z,customer,message,Initial report.
INT-0100018,TCK-005009,2026-06-07T16:28:00Z,agent,message,First response.
INT-0100019,TCK-005010,2026-06-19T18:15:00Z,customer,message,Initial report.
INT-0100020,TCK-005010,2026-06-19T19:57:00Z,agent,message,First response.
INT-0100021,TCK-005011,2026-06-20T18:04:00Z,customer,message,Initial report.
INT-0100022,TCK-005011,2026-06-20T19:19:00Z,agent,message,First response.
INT-0100023,TCK-005012,2026-06-12T12:53:00Z,customer,message,Initial report.
INT-0100024,TCK-005012,2026-06-12T13:05:00Z,agent,message,First response.
INT-0100025,TCK-005013,2026-06-20T10:22:00Z,customer,message,Initial report.
INT-0100026,TCK-005013,2026-06-20T11:51:00Z,agent,message,First response.
INT-0100027,TCK-005014,2026-06-18T12:55:00Z,customer,message,Initial report.
INT-0100028,TCK-005014,2026-06-18T14:48:00Z,agent,message,First response.
INT-0100029,TCK-005015,2026-06-07T07:39:00Z,customer,message,Initial report.
INT-0100030,TCK-005015,2026-06-07T10:59:00Z,agent,message,First response.
INT-0100031,TCK-005016,2026-06-17T10:22:00Z,customer,message,Initial report.
INT-0100032,TCK-005016,2026-06-17T11:35:00Z,agent,message,First response.
INT-0100033,TCK-005017,2026-06-24T16:39:00Z,customer,message,Initial report.
INT-0100034,TCK-005017,2026-06-24T18:32:00Z,agent,message,First response.
INT-0100035,TCK-005018,2026-06-11T15:36:00Z,customer,message,Initial report.
INT-0100036,TCK-005018,2026-06-11T17:32:00Z,agent,message,First response.
INT-0100037,TCK-005019,2026-06-09T09:43:00Z,customer,message,Initial report.
INT-0100038,TCK-005019,2026-06-09T12:18:00Z,agent,message,First response.
INT-0100039,TCK-005020,2026-06-16T11:51:00Z,customer,message,Initial report.
INT-0100040,TCK-005020,2026-06-16T14:14:00Z,agent,message,First response.
INT-0100041,TCK-005021,2026-06-02T17:29:00Z,customer,message,Initial report.
INT-0100042,TCK-005021,2026-06-02T18:35:00Z,agent,message,First response.
INT-0100043,TCK-005022,2026-06-13T10:33:00Z,customer,message,Initial report.
INT-0100044,TCK-005022,2026-06-13T13:25:00Z,agent,message,First response.
INT-0100045,TCK-005023,2026-06-24T09:53:00Z,customer,message,Initial report.
INT-0100046,TCK-005023,2026-06-24T12:01:00Z,agent,message,First response.
INT-0100047,TCK-005024,2026-06-23T11:32:00Z,customer,message,Initial report.
INT-0100048,TCK-005024,2026-06-23T11:44:00Z,agent,message,First response.
INT-0100049,TCK-005025,2026-06-01T16:49:00Z,customer,message,Initial report.
INT-0100050,TCK-005025,2026-06-01T19:27:00Z,agent,message,First response.
INT-0100051,TCK-005026,2026-06-18T15:56:00Z,customer,message,Initial report.
INT-0100052,TCK-005026,2026-06-18T18:12:00Z,agent,message,First response.
INT-0100053,TCK-005027,2026-06-17T14:14:00Z,customer,message,Initial report.
INT-0100054,TCK-005027,2026-06-17T16:00:00Z,agent,message,First response.
INT-0100055,TCK-005028,2026-06-25T17:02:00Z,customer,message,Initial report.
INT-0100056,TCK-005028,2026-06-25T19:02:00Z,agent,message,First response.
INT-0100057,TCK-005029,2026-06-11T16:42:00Z,customer,message,Initial report.
INT-0100058,TCK-005029,2026-06-11T18:26:00Z,agent,message,First response.
INT-0100059,TCK-005030,2026-06-10T15:51:00Z,customer,message,Initial report.
INT-0100060,TCK-005030,2026-06-10T16:39:00Z,agent,message,First response.
INT-0100061,TCK-005031,2026-06-19T15:59:00Z,customer,message,Initial report.
INT-0100062,TCK-005031,2026-06-19T17:01:00Z,agent,message,First response.
INT-0100063,TCK-005032,2026-06-11T15:08:00Z,customer,message,Initial report.
INT-0100064,TCK-005032,2026-06-11T15:55:00Z,agent,message,First response.
INT-0100065,TCK-005033,2026-06-26T09:07:00Z,customer,message,Initial report.
INT-0100066,TCK-005033,2026-06-26T10:18:00Z,agent,message,First response.
INT-0100067,TCK-005034,2026-06-15T08:34:00Z,customer,message,Initial report.
INT-0100068,TCK-005034,2026-06-15T10:42:00Z,agent,message,First response.
INT-0100069,TCK-005035,2026-06-15T10:44:00Z,customer,message,Initial report.
INT-0100070,TCK-005035,2026-06-15T12:15:00Z,agent,message,First response.
INT-0100071,TCK-005036,2026-06-27T08:29:00Z,customer,message,Initial report.
INT-0100072,TCK-005036,2026-06-27T09:18:00Z,agent,message,First response.
INT-0100073,TCK-005037,2026-06-03T15:14:00Z,customer,message,Initial report.
INT-0100074,TCK-005037,2026-06-03T17:09:00Z,agent,message,First response.
INT-0100075,TCK-005038,2026-06-27T17:49:00Z,customer,message,Initial report.
INT-0100076,TCK-005038,2026-06-27T18:39:00Z,agent,message,First response.
INT-0100077,TCK-005039,2026-06-15T13:09:00Z,customer,message,Initial report.
INT-0100078,TCK-005039,2026-06-15T16:02:00Z,agent,message,First response.
INT-0100079,TCK-005040,2026-06-16T18:43:00Z,customer,message,Initial report.
INT-0100080,TCK-005040,2026-06-16T19:43:00Z,agent,message,First response.
INT-0100081,TCK-005041,2026-06-16T11:44:00Z,customer,message,Initial report.
INT-0100082,TCK-005041,2026-06-16T14:15:00Z,agent,message,First response.
INT-0100083,TCK-005042,2026-06-24T11:21:00Z,customer,message,Initial report.
INT-0100084,TCK-005042,2026-06-24T12:35:00Z,agent,message,First response.
INT-0100085,TCK-005043,2026-06-17T17:15:00Z,customer,message,Initial report.
INT-0100086,TCK-005043,2026-06-17T19:46:00Z,agent,message,First response.
INT-0100087,TCK-005044,2026-06-08T15:58:00Z,customer,message,Initial report.
INT-0100088,TCK-005044,2026-06-08T18:19:00Z,agent,message,First response.
INT-0100089,TCK-005045,2026-06-19T17:00:00Z,customer,message,Initial report.
INT-0100090,TCK-005045,2026-06-19T18:34:00Z,agent,message,First response.
INT-0100091,TCK-005046,2026-06-13T08:06:00Z,customer,message,Initial report.
INT-0100092,TCK-005046,2026-06-13T10:41:00Z,agent,message,First response.
INT-0100093,TCK-005047,2026-06-04T07:29:00Z,customer,message,Initial report.
INT-0100094,TCK-005047,2026-06-04T09:17:00Z,agent,message,First response.
INT-0100095,TCK-005048,2026-06-07T17:56:00Z,customer,message,Initial report.
INT-0100096,TCK-005048,2026-06-07T19:54:00Z,agent,message,First response.
INT-0100097,TCK-005049,2026-06-02T08:55:00Z,customer,message,Initial report.
INT-0100098,TCK-005049,2026-06-02T09:24:00Z,agent,message,First response.
INT-0100099,TCK-005050,2026-06-24T08:43:00Z,customer,message,Initial report.
INT-0100100,TCK-005050,2026-06-24T11:05:00Z,agent,message,First response.
INT-0100101,TCK-005051,2026-06-06T12:04:00Z,customer,message,Initial report.
INT-0100102,TCK-005051,2026-06-06T13:40:00Z,agent,message,First response.
INT-0100103,TCK-005052,2026-06-26T12:32:00Z,customer,message,Initial report.
INT-0100104,TCK-005052,2026-06-26T14:42:00Z,agent,message,First response.
INT-0100105,TCK-005053,2026-06-17T17:03:00Z,customer,message,Initial report.
INT-0100106,TCK-005053,2026-06-17T17:15:00Z,agent,message,First response.
INT-0100107,TCK-005054,2026-06-26T14:16:00Z,customer,message,Initial report.
INT-0100108,TCK-005054,2026-06-26T17:10:00Z,agent,message,First response.
INT-0100109,TCK-005055,2026-06-15T11:48:00Z,customer,message,Initial report.
INT-0100110,TCK-005055,2026-06-15T13:07:00Z,agent,message,First response.
INT-0100111,TCK-005056,2026-06-14T10:09:00Z,customer,message,Initial report.
INT-0100112,TCK-005056,2026-06-14T11:25:00Z,agent,message,First response.
INT-0100113,TCK-005057,2026-06-04T16:32:00Z,customer,message,Initial report.
INT-0100114,TCK-005057,2026-06-04T20:04:00Z,agent,message,First response.
INT-0100115,TCK-005058,2026-06-18T11:34:00Z,customer,message,Initial report.
INT-0100116,TCK-005058,2026-06-18T13:36:00Z,agent,message,First response.
INT-0100117,TCK-005059,2026-06-23T08:43:00Z,customer,message,Initial report.
INT-0100118,TCK-005059,2026-06-23T11:01:00Z,agent,message,First response.
INT-0100119,TCK-005060,2026-06-13T11:37:00Z,customer,message,Initial report.
INT-0100120,TCK-005060,2026-06-13T12:39:00Z,agent,message,First response.
INT-0100121,TCK-005061,2026-06-14T07:52:00Z,customer,message,Initial report.
INT-0100122,TCK-005061,2026-06-14T09:34:00Z,agent,message,First response.
INT-0100123,TCK-005062,2026-06-03T08:49:00Z,customer,message,Initial report.
INT-0100124,TCK-005062,2026-06-03T11:38:00Z,agent,message,First response.
INT-0100125,TCK-005063,2026-06-25T08:13:00Z,customer,message,Initial report.
INT-0100126,TCK-005063,2026-06-25T10:55:00Z,agent,message,First response.
INT-0100127,TCK-005064,2026-06-26T11:58:00Z,customer,message,Initial report.
INT-0100128,TCK-005064,2026-06-26T14:45:00Z,agent,message,First response.
INT-0100129,TCK-005065,2026-06-19T12:11:00Z,customer,message,Initial report.
INT-0100130,TCK-005065,2026-06-19T13:27:00Z,agent,message,First response.
INT-0100131,TCK-005066,2026-06-18T17:38:00Z,customer,message,Initial report.
INT-0100132,TCK-005066,2026-06-18T18:44:00Z,agent,message,First response.
INT-0100133,TCK-005067,2026-06-07T09:34:00Z,customer,message,Initial report.
INT-0100134,TCK-005067,2026-06-07T11:13:00Z,agent,message,First response.
INT-0100135,TCK-005068,2026-06-04T15:56:00Z,customer,message,Initial report.
INT-0100136,TCK-005068,2026-06-04T18:52:00Z,agent,message,First response.
INT-0100137,TCK-005069,2026-06-07T18:19:00Z,customer,message,Initial report.
INT-0100138,TCK-005069,2026-06-07T20:14:00Z,agent,message,First response.
INT-0100139,TCK-005070,2026-06-15T08:13:00Z,customer,message,Initial report.
INT-0100140,TCK-005070,2026-06-15T08:25:00Z,agent,message,First response.
INT-0100141,TCK-005071,2026-06-06T10:41:00Z,customer,message,Initial report.
INT-0100142,TCK-005071,2026-06-06T12:33:00Z,agent,message,First response.
INT-0100143,TCK-005072,2026-06-10T12:41:00Z,customer,message,Initial report.
INT-0100144,TCK-005072,2026-06-10T16:09:00Z,agent,message,First response.
INT-0100145,TCK-005073,2026-06-18T13:06:00Z,customer,message,Initial report.
INT-0100146,TCK-005073,2026-06-18T14:30:00Z,agent,message,First response.
INT-0100147,TCK-005074,2026-06-20T15:40:00Z,customer,message,Initial report.
INT-0100148,TCK-005074,2026-06-20T16:36:00Z,agent,message,First response.
INT-0100149,TCK-005075,2026-06-13T12:36:00Z,customer,message,Initial report.
INT-0100150,TCK-005075,2026-06-13T14:19:00Z,agent,message,First response.
INT-0100151,TCK-005076,2026-06-22T11:56:00Z,customer,message,Initial report.
INT-0100152,TCK-005076,2026-06-22T13:11:00Z,agent,message,First response.
INT-0100153,TCK-005077,2026-06-15T12:24:00Z,customer,message,Initial report.
INT-0100154,TCK-005077,2026-06-15T13:42:00Z,agent,message,First response.
INT-0100155,TCK-005078,2026-06-18T16:39:00Z,customer,message,Initial report.
INT-0100156,TCK-005078,2026-06-18T19:33:00Z,agent,message,First response.
INT-0100157,TCK-005079,2026-06-09T16:36:00Z,customer,message,Initial report.
INT-0100158,TCK-005079,2026-06-09T17:04:00Z,agent,message,First response.
INT-0100159,TCK-005080,2026-06-23T13:06:00Z,customer,message,Initial report.
INT-0100160,TCK-005080,2026-06-23T14:18:00Z,agent,message,First response.
INT-0100161,TCK-005081,2026-06-02T12:30:00Z,customer,message,Initial report.
INT-0100162,TCK-005081,2026-06-02T15:35:00Z,agent,message,First response.
INT-0100163,TCK-005082,2026-06-06T16:38:00Z,customer,message,Initial report.
INT-0100164,TCK-005082,2026-06-06T18:12:00Z,agent,message,First response.
INT-0100165,TCK-005083,2026-06-15T16:02:00Z,customer,message,Initial report.
INT-0100166,TCK-005083,2026-06-15T17:58:00Z,agent,message,First response.
INT-0100167,TCK-005084,2026-06-12T09:12:00Z,customer,message,Initial report.
INT-0100168,TCK-005084,2026-06-12T11:29:00Z,agent,message,First response.
INT-0100169,TCK-005085,2026-06-12T15:36:00Z,customer,message,Initial report.
INT-0100170,TCK-005085,2026-06-12T17:37:00Z,agent,message,First response.
INT-0100171,TCK-005086,2026-06-06T10:45:00Z,customer,message,Initial report.
INT-0100172,TCK-005086,2026-06-06T13:46:00Z,agent,message,First response.
INT-0100173,TCK-005087,2026-06-06T13:19:00Z,customer,message,Initial report.
INT-0100174,TCK-005087,2026-06-06T15:42:00Z,agent,message,First response.
INT-0100175,TCK-005088,2026-06-22T15:13:00Z,customer,message,Initial report.
INT-0100176,TCK-005088,2026-06-22T17:19:00Z,agent,message,First response.
INT-0100177,TCK-005089,2026-06-25T13:25:00Z,customer,message,Initial report.
INT-0100178,TCK-005089,2026-06-25T14:41:00Z,agent,message,First response.
INT-0100179,TCK-005090,2026-06-08T18:03:00Z,customer,message,Initial report.
INT-0100180,TCK-005090,2026-06-08T18:15:00Z,agent,message,First response.
INT-0100181,TCK-005091,2026-06-22T15:55:00Z,customer,message,Initial report.
INT-0100182,TCK-005091,2026-06-22T17:14:00Z,agent,message,First response.
INT-0100183,TCK-005092,2026-06-03T17:30:00Z,customer,message,Initial report.
INT-0100184,TCK-005092,2026-06-03T17:42:00Z,agent,message,First response.
INT-0100185,TCK-005093,2026-06-19T18:13:00Z,customer,message,Initial report.
INT-0100186,TCK-005093,2026-06-19T22:07:00Z,agent,message,First response.
INT-0100187,TCK-005094,2026-06-09T12:23:00Z,customer,message,Initial report.
INT-0100188,TCK-005094,2026-06-09T12:59:00Z,agent,message,First response.
INT-0100189,TCK-005095,2026-06-11T08:32:00Z,customer,message,Initial report.
INT-0100190,TCK-005095,2026-06-11T09:53:00Z,agent,message,First response.
INT-0100191,TCK-005096,2026-06-17T18:52:00Z,customer,message,Initial report.
INT-0100192,TCK-005096,2026-06-17T20:34:00Z,agent,message,First response.
INT-0100193,TCK-005097,2026-06-13T15:42:00Z,customer,message,Initial report.
INT-0100194,TCK-005097,2026-06-13T17:41:00Z,agent,message,First response.
INT-0100195,TCK-005098,2026-06-20T13:32:00Z,customer,message,Initial report.
INT-0100196,TCK-005098,2026-06-20T16:50:00Z,agent,message,First response.
INT-0100197,TCK-005099,2026-06-09T13:53:00Z,customer,message,Initial report.
INT-0100198,TCK-005099,2026-06-09T15:31:00Z,agent,message,First response.
INT-0100199,TCK-005100,2026-06-14T10:45:00Z,customer,message,Initial report.
INT-0100200,TCK-005100,2026-06-14T12:58:00Z,agent,message,First response.
INT-0100201,TCK-005101,2026-06-17T15:40:00Z,customer,message,Initial report.
INT-0100202,TCK-005101,2026-06-17T18:34:00Z,agent,message,First response.
INT-0100203,TCK-005102,2026-06-22T07:08:00Z,customer,message,Initial report.
INT-0100204,TCK-005102,2026-06-22T08:11:00Z,agent,message,First response.
INT-0100205,TCK-005103,2026-06-27T10:38:00Z,customer,message,Initial report.
INT-0100206,TCK-005103,2026-06-27T13:30:00Z,agent,message,First response.
INT-0100207,TCK-005104,2026-06-06T17:29:00Z,customer,message,Initial report.
INT-0100208,TCK-005104,2026-06-06T17:58:00Z,agent,message,First response.
INT-0100209,TCK-005105,2026-06-04T10:16:00Z,customer,message,Initial report.
INT-0100210,TCK-005105,2026-06-04T12:03:00Z,agent,message,First response.
INT-0100211,TCK-005106,2026-06-01T07:21:00Z,customer,message,Initial report.
INT-0100212,TCK-005106,2026-06-01T09:16:00Z,agent,message,First response.
INT-0100213,TCK-005107,2026-06-19T09:23:00Z,customer,message,Initial report.
INT-0100214,TCK-005107,2026-06-19T11:12:00Z,agent,message,First response.
INT-0100215,TCK-005108,2026-06-14T15:55:00Z,customer,message,Initial report.
INT-0100216,TCK-005108,2026-06-14T17:03:00Z,agent,message,First response.
INT-0100217,TCK-005109,2026-06-03T15:45:00Z,customer,message,Initial report.
INT-0100218,TCK-005109,2026-06-03T17:44:00Z,agent,message,First response.
INT-0100219,TCK-005110,2026-06-12T07:06:00Z,customer,message,Initial report.
INT-0100220,TCK-005110,2026-06-12T09:37:00Z,agent,message,First response.
INT-0100221,TCK-005111,2026-06-21T16:01:00Z,customer,message,Initial report.
INT-0100222,TCK-005111,2026-06-21T17:45:00Z,agent,message,First response.
INT-0100223,TCK-005112,2026-06-24T08:04:00Z,customer,message,Initial report.
INT-0100224,TCK-005112,2026-06-24T08:16:00Z,agent,message,First response.
INT-0100225,TCK-005113,2026-06-23T16:18:00Z,customer,message,Initial report.
INT-0100226,TCK-005113,2026-06-23T16:55:00Z,agent,message,First response.
INT-0100227,TCK-005114,2026-06-16T10:21:00Z,customer,message,Initial report.
INT-0100228,TCK-005114,2026-06-16T11:55:00Z,agent,message,First response.
INT-0100229,TCK-005115,2026-06-07T18:46:00Z,customer,message,Initial report.
INT-0100230,TCK-005115,2026-06-07T19:17:00Z,agent,message,First response.
INT-0100231,TCK-005116,2026-06-02T08:53:00Z,customer,message,Initial report.
INT-0100232,TCK-005116,2026-06-02T11:19:00Z,agent,message,First response.
INT-0100233,TCK-005117,2026-06-01T15:36:00Z,customer,message,Initial report.
INT-0100234,TCK-005117,2026-06-01T17:56:00Z,agent,message,First response.
INT-0100235,TCK-005118,2026-06-05T07:17:00Z,customer,message,Initial report.
INT-0100236,TCK-005118,2026-06-05T08:23:00Z,agent,message,First response.
INT-0100237,TCK-005119,2026-06-02T16:33:00Z,customer,message,Initial report.
INT-0100238,TCK-005119,2026-06-02T16:45:00Z,agent,message,First response.
INT-0100239,TCK-005120,2026-06-15T09:41:00Z,customer,message,Initial report.
INT-0100240,TCK-005120,2026-06-15T11:19:00Z,agent,message,First response.
INT-0100241,TCK-005121,2026-06-25T18:02:00Z,customer,message,Initial report.
INT-0100242,TCK-005121,2026-06-25T19:54:00Z,agent,message,First response.
INT-0100243,TCK-005122,2026-06-25T11:12:00Z,customer,message,Initial report.
INT-0100244,TCK-005122,2026-06-25T13:14:00Z,agent,message,First response.
INT-0100245,TCK-005123,2026-06-20T08:50:00Z,customer,message,Initial report.
INT-0100246,TCK-005123,2026-06-20T09:02:00Z,agent,message,First response.
INT-0100247,TCK-005124,2026-06-04T16:50:00Z,customer,message,Initial report.
INT-0100248,TCK-005124,2026-06-04T18:56:00Z,agent,message,First response.
INT-0100249,TCK-005125,2026-06-26T18:18:00Z,customer,message,Initial report.
INT-0100250,TCK-005125,2026-06-26T20:57:00Z,agent,message,First response.
INT-0100251,TCK-005126,2026-06-02T10:07:00Z,customer,message,Initial report.
INT-0100252,TCK-005126,2026-06-02T13:42:00Z,agent,message,First response.
INT-0100253,TCK-005127,2026-06-16T09:50:00Z,customer,message,Initial report.
INT-0100254,TCK-005127,2026-06-16T12:42:00Z,agent,message,First response.
INT-0100255,TCK-005128,2026-06-06T09:08:00Z,customer,message,Initial report.
INT-0100256,TCK-005128,2026-06-06T10:38:00Z,agent,message,First response.
INT-0100257,TCK-005129,2026-06-14T12:45:00Z,customer,message,Initial report.
INT-0100258,TCK-005129,2026-06-14T15:25:00Z,agent,message,First response.
INT-0100259,TCK-005130,2026-06-27T11:12:00Z,customer,message,Initial report.
INT-0100260,TCK-005130,2026-06-27T11:24:00Z,agent,message,First response.
INT-0100261,TCK-005131,2026-06-06T12:33:00Z,customer,message,Initial report.
INT-0100262,TCK-005131,2026-06-06T13:47:00Z,agent,message,First response.
INT-0100263,TCK-005132,2026-06-09T18:36:00Z,customer,message,Initial report.
INT-0100264,TCK-005132,2026-06-09T20:59:00Z,agent,message,First response.
INT-0100265,TCK-005133,2026-06-15T07:59:00Z,customer,message,Initial report.
INT-0100266,TCK-005133,2026-06-15T09:38:00Z,agent,message,First response.
INT-0100267,TCK-005134,2026-06-14T14:20:00Z,customer,message,Initial report.
INT-0100268,TCK-005134,2026-06-14T16:48:00Z,agent,message,First response.
INT-0100269,TCK-005135,2026-06-03T10:14:00Z,customer,message,Initial report.
INT-0100270,TCK-005135,2026-06-03T11:33:00Z,agent,message,First response.
INT-0100271,TCK-005136,2026-06-10T07:37:00Z,customer,message,Initial report.
INT-0100272,TCK-005136,2026-06-10T09:41:00Z,agent,message,First response.
INT-0100273,TCK-005137,2026-06-27T16:19:00Z,customer,message,Initial report.
INT-0100274,TCK-005137,2026-06-27T18:30:00Z,agent,message,First response.
INT-0100275,TCK-005138,2026-06-21T11:20:00Z,customer,message,Initial report.
INT-0100276,TCK-005138,2026-06-21T15:09:00Z,agent,message,First response.
INT-0100277,TCK-005139,2026-06-13T08:07:00Z,customer,message,Initial report.
INT-0100278,TCK-005139,2026-06-13T10:19:00Z,agent,message,First response.
INT-0100279,TCK-005140,2026-06-21T10:06:00Z,customer,message,Initial report.
INT-0100280,TCK-005140,2026-06-21T11:36:00Z,agent,message,First response.
INT-0100281,TCK-005141,2026-06-17T18:30:00Z,customer,message,Initial report.
INT-0100282,TCK-005141,2026-06-17T21:03:00Z,agent,message,First response.
INT-0100283,TCK-005142,2026-06-21T15:03:00Z,customer,message,Initial report.
INT-0100284,TCK-005142,2026-06-21T16:33:00Z,agent,message,First response.
INT-0100285,TCK-005143,2026-06-09T12:37:00Z,customer,message,Initial report.
INT-0100286,TCK-005143,2026-06-09T14:31:00Z,agent,message,First response.
INT-0100287,TCK-005144,2026-06-16T09:16:00Z,customer,message,Initial report.
INT-0100288,TCK-005144,2026-06-16T09:52:00Z,agent,message,First response.
INT-0100289,TCK-005145,2026-06-13T17:02:00Z,customer,message,Initial report.
INT-0100290,TCK-005145,2026-06-13T19:09:00Z,agent,message,First response.
INT-0100291,TCK-005146,2026-06-17T13:31:00Z,customer,message,Initial report.
INT-0100292,TCK-005146,2026-06-17T15:50:00Z,agent,message,First response.
INT-0100293,TCK-005147,2026-06-10T14:07:00Z,customer,message,Initial report.
INT-0100294,TCK-005147,2026-06-10T15:02:00Z,agent,message,First response.
INT-0100295,TCK-005148,2026-06-16T11:32:00Z,customer,message,Initial report.
INT-0100296,TCK-005148,2026-06-16T13:47:00Z,agent,message,First response.
INT-0100297,TCK-005149,2026-06-07T15:40:00Z,customer,message,Initial report.
INT-0100298,TCK-005149,2026-06-07T18:39:00Z,agent,message,First response.
INT-0100299,TCK-005150,2026-06-08T07:59:00Z,customer,message,Initial report.
INT-0100300,TCK-005150,2026-06-08T10:29:00Z,agent,message,First response.
INT-0100301,TCK-005151,2026-06-21T12:57:00Z,customer,message,Initial report.
INT-0100302,TCK-005151,2026-06-21T15:00:00Z,agent,message,First response.
INT-0100303,TCK-005152,2026-06-11T13:43:00Z,customer,message,Initial report.
INT-0100304,TCK-005152,2026-06-11T15:12:00Z,agent,message,First response.
INT-0100305,TCK-005153,2026-06-18T08:41:00Z,customer,message,Initial report.
INT-0100306,TCK-005153,2026-06-18T10:34:00Z,agent,message,First response.
INT-0100307,TCK-005154,2026-06-15T11:57:00Z,customer,message,Initial report.
INT-0100308,TCK-005154,2026-06-15T13:41:00Z,agent,message,First response.
INT-0100309,TCK-005155,2026-06-12T13:39:00Z,customer,message,Initial report.
INT-0100310,TCK-005155,2026-06-12T15:07:00Z,agent,message,First response.
INT-0100311,TCK-005156,2026-06-03T12:59:00Z,customer,message,Initial report.
INT-0100312,TCK-005156,2026-06-03T16:42:00Z,agent,message,First response.
INT-0100313,TCK-005157,2026-06-04T17:16:00Z,customer,message,Initial report.
INT-0100314,TCK-005157,2026-06-04T20:08:00Z,agent,message,First response.
INT-0100315,TCK-005158,2026-06-04T15:14:00Z,customer,message,Initial report.
INT-0100316,TCK-005158,2026-06-04T18:15:00Z,agent,message,First response.
INT-0100317,TCK-005159,2026-06-01T18:21:00Z,customer,message,Initial report.
INT-0100318,TCK-005159,2026-06-01T21:04:00Z,agent,message,First response.
INT-0100319,TCK-005160,2026-06-07T15:16:00Z,customer,message,Initial report.
INT-0100320,TCK-005160,2026-06-07T16:04:00Z,agent,message,First response.
INT-0100321,TCK-005161,2026-06-12T07:31:00Z,customer,message,Initial report.
INT-0100322,TCK-005161,2026-06-12T10:31:00Z,agent,message,First response.
INT-0100323,TCK-005162,2026-06-18T09:09:00Z,customer,message,Initial report.
INT-0100324,TCK-005162,2026-06-18T12:13:00Z,agent,message,First response.
INT-0100325,TCK-005163,2026-06-24T08:12:00Z,customer,message,Initial report.
INT-0100326,TCK-005163,2026-06-24T09:47:00Z,agent,message,First response.
INT-0100327,TCK-005164,2026-06-01T12:13:00Z,customer,message,Initial report.
INT-0100328,TCK-005164,2026-06-01T13:33:00Z,agent,message,First response.
INT-0100329,TCK-005165,2026-06-18T09:56:00Z,customer,message,Initial report.
INT-0100330,TCK-005165,2026-06-18T12:20:00Z,agent,message,First response.
INT-0100331,TCK-005166,2026-06-10T07:52:00Z,customer,message,Initial report.
INT-0100332,TCK-005166,2026-06-10T10:55:00Z,agent,message,First response.
INT-0100333,TCK-005167,2026-06-20T16:40:00Z,customer,message,Initial report.
INT-0100334,TCK-005167,2026-06-20T17:46:00Z,agent,message,First response.
INT-0100335,TCK-005168,2026-06-16T13:33:00Z,customer,message,Initial report.
INT-0100336,TCK-005168,2026-06-16T15:15:00Z,agent,message,First response.
INT-0100337,TCK-005169,2026-06-06T14:42:00Z,customer,message,Initial report.
INT-0100338,TCK-005169,2026-06-06T17:34:00Z,agent,message,First response.
INT-0100339,TCK-005170,2026-06-25T10:53:00Z,customer,message,Initial report.
INT-0100340,TCK-005170,2026-06-25T13:38:00Z,agent,message,First response.
INT-0100341,TCK-005171,2026-06-14T13:18:00Z,customer,message,Initial report.
INT-0100342,TCK-005171,2026-06-14T15:43:00Z,agent,message,First response.
INT-0100343,TCK-005172,2026-06-06T08:13:00Z,customer,message,Initial report.
INT-0100344,TCK-005172,2026-06-06T10:20:00Z,agent,message,First response.
INT-0100345,TCK-005173,2026-06-19T12:34:00Z,customer,message,Initial report.
INT-0100346,TCK-005173,2026-06-19T13:39:00Z,agent,message,First response.
INT-0100347,TCK-005174,2026-06-04T07:22:00Z,customer,message,Initial report.
INT-0100348,TCK-005174,2026-06-04T09:12:00Z,agent,message,First response.
INT-0100349,TCK-005175,2026-06-20T17:04:00Z,customer,message,Initial report.
INT-0100350,TCK-005175,2026-06-20T17:18:00Z,agent,message,First response.
INT-0100351,TCK-005176,2026-06-13T07:40:00Z,customer,message,Initial report.
INT-0100352,TCK-005176,2026-06-13T10:25:00Z,agent,message,First response.
INT-0100353,TCK-005177,2026-06-14T07:24:00Z,customer,message,Initial report.
INT-0100354,TCK-005177,2026-06-14T08:38:00Z,agent,message,First response.
INT-0100355,TCK-005178,2026-06-23T15:10:00Z,customer,message,Initial report.
INT-0100356,TCK-005178,2026-06-23T18:20:00Z,agent,message,First response.
INT-0100357,TCK-005179,2026-06-27T13:49:00Z,customer,message,Initial report.
INT-0100358,TCK-005179,2026-06-27T15:12:00Z,agent,message,First response.
INT-0100359,TCK-005180,2026-06-25T16:52:00Z,customer,message,Initial report.
INT-0100360,TCK-005180,2026-06-25T19:02:00Z,agent,message,First response.
INT-0100361,TCK-005181,2026-06-20T14:04:00Z,customer,message,Initial report.
INT-0100362,TCK-005181,2026-06-20T15:10:00Z,agent,message,First response.
INT-0100363,TCK-005182,2026-06-25T12:00:00Z,customer,message,Initial report.
INT-0100364,TCK-005182,2026-06-25T13:22:00Z,agent,message,First response.
INT-0100365,TCK-005183,2026-06-21T09:45:00Z,customer,message,Initial report.
INT-0100366,TCK-005183,2026-06-21T11:56:00Z,agent,message,First response.
INT-0100367,TCK-005184,2026-06-17T17:43:00Z,customer,message,Initial report.
INT-0100368,TCK-005184,2026-06-17T18:56:00Z,agent,message,First response.
INT-0100369,TCK-005185,2026-06-16T14:35:00Z,customer,message,Initial report.
INT-0100370,TCK-005185,2026-06-16T17:09:00Z,agent,message,First response.
INT-0100371,TCK-005186,2026-06-12T11:28:00Z,customer,message,Initial report.
INT-0100372,TCK-005186,2026-06-12T14:10:00Z,agent,message,First response.
INT-0100373,TCK-005187,2026-06-10T07:04:00Z,customer,message,Initial report.
INT-0100374,TCK-005187,2026-06-10T08:16:00Z,agent,message,First response.
INT-0100375,TCK-005188,2026-06-11T11:32:00Z,customer,message,Initial report.
INT-0100376,TCK-005188,2026-06-11T13:09:00Z,agent,message,First response.
INT-0100377,TCK-005189,2026-06-11T13:26:00Z,customer,message,Initial report.
INT-0100378,TCK-005189,2026-06-11T15:09:00Z,agent,message,First response.
INT-0100379,TCK-005190,2026-06-15T13:28:00Z,customer,message,Initial report.
INT-0100380,TCK-005190,2026-06-15T13:40:00Z,agent,message,First response.
INT-0100381,TCK-005191,2026-06-10T13:09:00Z,customer,message,Initial report.
INT-0100382,TCK-005191,2026-06-10T15:40:00Z,agent,message,First response.
INT-0100383,TCK-005192,2026-06-02T15:50:00Z,customer,message,Initial report.
INT-0100384,TCK-005192,2026-06-02T16:55:00Z,agent,message,First response.
INT-0100385,TCK-005193,2026-06-23T08:57:00Z,customer,message,Initial report.
INT-0100386,TCK-005193,2026-06-23T10:23:00Z,agent,message,First response.
INT-0100387,TCK-005194,2026-06-20T14:00:00Z,customer,message,Initial report.
INT-0100388,TCK-005194,2026-06-20T15:41:00Z,agent,message,First response.
INT-0100389,TCK-005195,2026-06-25T11:48:00Z,customer,message,Initial report.
INT-0100390,TCK-005195,2026-06-25T13:59:00Z,agent,message,First response.
INT-0100391,TCK-005196,2026-06-18T08:49:00Z,customer,message,Initial report.
INT-0100392,TCK-005196,2026-06-18T11:02:00Z,agent,message,First response.
INT-0100393,TCK-005197,2026-06-16T07:54:00Z,customer,message,Initial report.
INT-0100394,TCK-005197,2026-06-16T10:03:00Z,agent,message,First response.
INT-0100395,TCK-005198,2026-06-06T13:51:00Z,customer,message,Initial report.
INT-0100396,TCK-005198,2026-06-06T15:56:00Z,agent,message,First response.
INT-0100397,TCK-005199,2026-06-20T15:36:00Z,customer,message,Initial report.
INT-0100398,TCK-005199,2026-06-20T16:35:00Z,agent,message,First response.
INT-0100399,TCK-005200,2026-06-12T15:26:00Z,customer,message,Initial report.
INT-0100400,TCK-005200,2026-06-12T16:01:00Z,agent,message,First response.
INT-0100401,TCK-005201,2026-06-03T08:05:00Z,customer,message,Initial report.
INT-0100402,TCK-005201,2026-06-03T10:40:00Z,agent,message,First response.
INT-0100403,TCK-005202,2026-06-20T18:36:00Z,customer,message,Initial report.
INT-0100404,TCK-005202,2026-06-20T20:34:00Z,agent,message,First response.
INT-0100405,TCK-005203,2026-06-04T08:15:00Z,customer,message,Initial report.
INT-0100406,TCK-005203,2026-06-04T10:45:00Z,agent,message,First response.
INT-0100407,TCK-005204,2026-06-11T13:04:00Z,customer,message,Initial report.
INT-0100408,TCK-005204,2026-06-11T16:35:00Z,agent,message,First response.
INT-0100409,TCK-005205,2026-06-27T16:10:00Z,customer,message,Initial report.
INT-0100410,TCK-005205,2026-06-27T18:07:00Z,agent,message,First response.
INT-0100411,TCK-005206,2026-06-16T09:22:00Z,customer,message,Initial report.
INT-0100412,TCK-005206,2026-06-16T10:37:00Z,agent,message,First response.
INT-0100413,TCK-005207,2026-06-08T17:07:00Z,customer,message,Initial report.
INT-0100414,TCK-005207,2026-06-08T18:40:00Z,agent,message,First response.
INT-0100415,TCK-005208,2026-06-16T15:16:00Z,customer,message,Initial report.
INT-0100416,TCK-005208,2026-06-16T16:06:00Z,agent,message,First response.
INT-0100417,TCK-005209,2026-06-03T14:44:00Z,customer,message,Initial report.
INT-0100418,TCK-005209,2026-06-03T17:44:00Z,agent,message,First response.
INT-0100419,TCK-005210,2026-06-18T13:20:00Z,customer,message,Initial report.
INT-0100420,TCK-005210,2026-06-18T15:00:00Z,agent,message,First response.
INT-0100421,TCK-005211,2026-06-20T15:36:00Z,customer,message,Initial report.
INT-0100422,TCK-005211,2026-06-20T18:08:00Z,agent,message,First response.
INT-0100423,TCK-005212,2026-06-27T13:20:00Z,customer,message,Initial report.
INT-0100424,TCK-005212,2026-06-27T16:27:00Z,agent,message,First response.
INT-0100425,TCK-005213,2026-06-02T16:34:00Z,customer,message,Initial report.
INT-0100426,TCK-005213,2026-06-02T17:45:00Z,agent,message,First response.
INT-0100427,TCK-005214,2026-06-09T14:27:00Z,customer,message,Initial report.
INT-0100428,TCK-005214,2026-06-09T18:26:00Z,agent,message,First response.
INT-0100429,TCK-005215,2026-06-03T17:54:00Z,customer,message,Initial report.
INT-0100430,TCK-005215,2026-06-03T20:12:00Z,agent,message,First response.
INT-0100431,TCK-005216,2026-06-14T13:36:00Z,customer,message,Initial report.
INT-0100432,TCK-005216,2026-06-14T16:04:00Z,agent,message,First response.
INT-0100433,TCK-005217,2026-06-09T18:41:00Z,customer,message,Initial report.
INT-0100434,TCK-005217,2026-06-09T20:46:00Z,agent,message,First response.
INT-0100435,TCK-005218,2026-06-07T08:42:00Z,customer,message,Initial report.
INT-0100436,TCK-005218,2026-06-07T08:54:00Z,agent,message,First response.
INT-0100437,TCK-005219,2026-06-16T08:38:00Z,customer,message,Initial report.
INT-0100438,TCK-005219,2026-06-16T08:50:00Z,agent,message,First response.
INT-0100439,TCK-005220,2026-06-23T16:40:00Z,customer,message,Initial report.
INT-0100440,TCK-005220,2026-06-23T20:24:00Z,agent,message,First response.
INT-0100441,TCK-005221,2026-06-27T10:29:00Z,customer,message,Initial report.
INT-0100442,TCK-005221,2026-06-27T12:24:00Z,agent,message,First response.
INT-0100443,TCK-005222,2026-06-14T11:28:00Z,customer,message,Initial report.
INT-0100444,TCK-005222,2026-06-14T13:01:00Z,agent,message,First response.
INT-0100445,TCK-005223,2026-06-10T07:41:00Z,customer,message,Initial report.
INT-0100446,TCK-005223,2026-06-10T09:40:00Z,agent,message,First response.
INT-0100447,TCK-005224,2026-06-08T12:09:00Z,customer,message,Initial report.
INT-0100448,TCK-005224,2026-06-08T14:24:00Z,agent,message,First response.
INT-0100449,TCK-005225,2026-06-17T18:47:00Z,customer,message,Initial report.
INT-0100450,TCK-005225,2026-06-17T21:19:00Z,agent,message,First response.
INT-0100451,TCK-005226,2026-06-26T10:00:00Z,customer,message,Initial report.
INT-0100452,TCK-005226,2026-06-26T11:25:00Z,agent,message,First response.
INT-0100453,TCK-005227,2026-06-03T09:34:00Z,customer,message,Initial report.
INT-0100454,TCK-005227,2026-06-03T10:32:00Z,agent,message,First response.
INT-0100455,TCK-005228,2026-06-07T17:57:00Z,customer,message,Initial report.
INT-0100456,TCK-005228,2026-06-07T20:41:00Z,agent,message,First response.
INT-0100457,TCK-005229,2026-06-15T09:11:00Z,customer,message,Initial report.
INT-0100458,TCK-005229,2026-06-15T10:32:00Z,agent,message,First response.
INT-0100459,TCK-005230,2026-06-14T09:20:00Z,customer,message,Initial report.
INT-0100460,TCK-005230,2026-06-14T11:21:00Z,agent,message,First response.
INT-0100461,TCK-005231,2026-06-22T16:35:00Z,customer,message,Initial report.
INT-0100462,TCK-005231,2026-06-22T17:42:00Z,agent,message,First response.
INT-0100463,TCK-005232,2026-06-04T11:01:00Z,customer,message,Initial report.
INT-0100464,TCK-005232,2026-06-04T11:54:00Z,agent,message,First response.
INT-0100465,TCK-005233,2026-06-03T13:14:00Z,customer,message,Initial report.
INT-0100466,TCK-005233,2026-06-03T15:10:00Z,agent,message,First response.
INT-0100467,TCK-005234,2026-06-01T18:45:00Z,customer,message,Initial report.
INT-0100468,TCK-005234,2026-06-01T21:29:00Z,agent,message,First response.
INT-0100469,TCK-005235,2026-06-05T14:10:00Z,customer,message,Initial report.
INT-0100470,TCK-005235,2026-06-05T16:56:00Z,agent,message,First response.
INT-0100471,TCK-005236,2026-06-16T16:21:00Z,customer,message,Initial report.
INT-0100472,TCK-005236,2026-06-16T16:57:00Z,agent,message,First response.
INT-0100473,TCK-005237,2026-06-25T10:44:00Z,customer,message,Initial report.
INT-0100474,TCK-005237,2026-06-25T12:49:00Z,agent,message,First response.
INT-0100475,TCK-005238,2026-06-05T12:23:00Z,customer,message,Initial report.
INT-0100476,TCK-005238,2026-06-05T15:09:00Z,agent,message,First response.
INT-0100477,TCK-005239,2026-06-18T18:39:00Z,customer,message,Initial report.
INT-0100478,TCK-005239,2026-06-18T19:13:00Z,agent,message,First response.
INT-0100479,TCK-005240,2026-06-03T07:45:00Z,customer,message,Initial report.
INT-0100480,TCK-005240,2026-06-03T10:19:00Z,agent,message,First response.
INT-0100481,TCK-005241,2026-06-08T16:53:00Z,customer,message,Initial report.
INT-0100482,TCK-005241,2026-06-08T18:59:00Z,agent,message,First response.
INT-0100483,TCK-005242,2026-06-09T11:35:00Z,customer,message,Initial report.
INT-0100484,TCK-005242,2026-06-09T13:52:00Z,agent,message,First response.
INT-0100485,TCK-005243,2026-06-17T16:50:00Z,customer,message,Initial report.
INT-0100486,TCK-005243,2026-06-17T19:20:00Z,agent,message,First response.
INT-0100487,TCK-005244,2026-06-20T10:46:00Z,customer,message,Initial report.
INT-0100488,TCK-005244,2026-06-20T13:42:00Z,agent,message,First response.
INT-0100489,TCK-005245,2026-06-15T07:00:00Z,customer,message,Initial report.
INT-0100490,TCK-005245,2026-06-15T07:12:00Z,agent,message,First response.
INT-0100491,TCK-005246,2026-06-02T09:50:00Z,customer,message,Initial report.
INT-0100492,TCK-005246,2026-06-02T11:07:00Z,agent,message,First response.
INT-0100493,TCK-005247,2026-06-12T11:11:00Z,customer,message,Initial report.
INT-0100494,TCK-005247,2026-06-12T13:17:00Z,agent,message,First response.
INT-0100495,TCK-005248,2026-06-23T15:37:00Z,customer,message,Initial report.
INT-0100496,TCK-005248,2026-06-23T18:03:00Z,agent,message,First response.
INT-0100497,TCK-005249,2026-06-01T07:41:00Z,customer,message,Initial report.
INT-0100498,TCK-005249,2026-06-01T09:27:00Z,agent,message,First response.
INT-0100499,TCK-005250,2026-06-21T13:38:00Z,customer,message,Initial report.
INT-0100500,TCK-005250,2026-06-21T17:08:00Z,agent,message,First response.
INT-0100501,TCK-005251,2026-06-03T13:56:00Z,customer,message,Initial report.
INT-0100502,TCK-005251,2026-06-03T14:57:00Z,agent,message,First response.
INT-0100503,TCK-005252,2026-06-09T16:39:00Z,customer,message,Initial report.
INT-0100504,TCK-005252,2026-06-09T19:31:00Z,agent,message,First response.
INT-0100505,TCK-005253,2026-06-03T17:56:00Z,customer,message,Initial report.
INT-0100506,TCK-005253,2026-06-03T18:46:00Z,agent,message,First response.
INT-0100507,TCK-005254,2026-06-23T16:58:00Z,customer,message,Initial report.
INT-0100508,TCK-005254,2026-06-23T19:55:00Z,agent,message,First response.
INT-0100509,TCK-005255,2026-06-05T09:12:00Z,customer,message,Initial report.
INT-0100510,TCK-005255,2026-06-05T10:21:00Z,agent,message,First response.
INT-0100511,TCK-005256,2026-06-01T13:39:00Z,customer,message,Initial report.
INT-0100512,TCK-005256,2026-06-01T16:07:00Z,agent,message,First response.
INT-0100513,TCK-005257,2026-06-09T12:27:00Z,customer,message,Initial report.
INT-0100514,TCK-005257,2026-06-09T15:45:00Z,agent,message,First response.
INT-0100515,TCK-005258,2026-06-20T15:28:00Z,customer,message,Initial report.
INT-0100516,TCK-005258,2026-06-20T16:36:00Z,agent,message,First response.
INT-0100517,TCK-005259,2026-06-26T18:30:00Z,customer,message,Initial report.
INT-0100518,TCK-005259,2026-06-26T21:38:00Z,agent,message,First response.
INT-0100519,TCK-005260,2026-06-23T18:08:00Z,customer,message,Initial report.
INT-0100520,TCK-005260,2026-06-23T18:20:00Z,agent,message,First response.
INT-0100521,TCK-005261,2026-06-08T10:37:00Z,customer,message,Initial report.
INT-0100522,TCK-005261,2026-06-08T11:52:00Z,agent,message,First response.
INT-0100523,TCK-005262,2026-06-19T17:35:00Z,customer,message,Initial report.
INT-0100524,TCK-005262,2026-06-19T20:12:00Z,agent,message,First response.
INT-0100525,TCK-005263,2026-06-23T11:27:00Z,customer,message,Initial report.
INT-0100526,TCK-005263,2026-06-23T12:53:00Z,agent,message,First response.
INT-0100527,TCK-005264,2026-06-15T17:17:00Z,customer,message,Initial report.
INT-0100528,TCK-005264,2026-06-15T19:35:00Z,agent,message,First response.
INT-0100529,TCK-005265,2026-06-04T15:13:00Z,customer,message,Initial report.
INT-0100530,TCK-005265,2026-06-04T17:29:00Z,agent,message,First response.
INT-0100531,TCK-005266,2026-06-15T10:09:00Z,customer,message,Initial report.
INT-0100532,TCK-005266,2026-06-15T13:04:00Z,agent,message,First response.
INT-0100533,TCK-005267,2026-06-04T12:58:00Z,customer,message,Initial report.
INT-0100534,TCK-005267,2026-06-04T17:11:00Z,agent,message,First response.
INT-0100535,TCK-005268,2026-06-21T17:35:00Z,customer,message,Initial report.
INT-0100536,TCK-005268,2026-06-21T18:20:00Z,agent,message,First response.
INT-0100537,TCK-005269,2026-06-13T07:06:00Z,customer,message,Initial report.
INT-0100538,TCK-005269,2026-06-13T10:13:00Z,agent,message,First response.
INT-0100539,TCK-005270,2026-06-23T11:02:00Z,customer,message,Initial report.
INT-0100540,TCK-005270,2026-06-23T13:01:00Z,agent,message,First response.
INT-0100541,TCK-005271,2026-06-09T10:22:00Z,customer,message,Initial report.
INT-0100542,TCK-005271,2026-06-09T13:41:00Z,agent,message,First response.
INT-0100543,TCK-005272,2026-06-16T13:02:00Z,customer,message,Initial report.
INT-0100544,TCK-005272,2026-06-16T15:38:00Z,agent,message,First response.
INT-0100545,TCK-005273,2026-06-21T15:08:00Z,customer,message,Initial report.
INT-0100546,TCK-005273,2026-06-21T17:40:00Z,agent,message,First response.
INT-0100547,TCK-005274,2026-06-20T16:07:00Z,customer,message,Initial report.
INT-0100548,TCK-005274,2026-06-20T18:11:00Z,agent,message,First response.
INT-0100549,TCK-005275,2026-06-27T16:17:00Z,customer,message,Initial report.
INT-0100550,TCK-005275,2026-06-27T16:43:00Z,agent,message,First response.
INT-0100551,TCK-005276,2026-06-24T13:11:00Z,customer,message,Initial report.
INT-0100552,TCK-005276,2026-06-24T17:47:00Z,agent,message,First response.
INT-0100553,TCK-005277,2026-06-02T15:30:00Z,customer,message,Initial report.
INT-0100554,TCK-005277,2026-06-02T17:17:00Z,agent,message,First response.
INT-0100555,TCK-005278,2026-06-24T15:34:00Z,customer,message,Initial report.
INT-0100556,TCK-005278,2026-06-24T17:34:00Z,agent,message,First response.
INT-0100557,TCK-005279,2026-06-24T12:36:00Z,customer,message,Initial report.
INT-0100558,TCK-005279,2026-06-24T13:05:00Z,agent,message,First response.
INT-0100559,TCK-005280,2026-06-08T10:27:00Z,customer,message,Initial report.
INT-0100560,TCK-005280,2026-06-08T12:28:00Z,agent,message,First response.
INT-0100561,TCK-005281,2026-06-16T17:22:00Z,customer,message,Initial report.
INT-0100562,TCK-005281,2026-06-16T17:54:00Z,agent,message,First response.
INT-0100563,TCK-005282,2026-06-23T07:17:00Z,customer,message,Initial report.
INT-0100564,TCK-005282,2026-06-23T09:09:00Z,agent,message,First response.
INT-0100565,TCK-005283,2026-06-23T16:41:00Z,customer,message,Initial report.
INT-0100566,TCK-005283,2026-06-23T18:55:00Z,agent,message,First response.
INT-0100567,TCK-005284,2026-06-26T08:14:00Z,customer,message,Initial report.
INT-0100568,TCK-005284,2026-06-26T08:26:00Z,agent,message,First response.
INT-0100569,TCK-005285,2026-06-19T18:11:00Z,customer,message,Initial report.
INT-0100570,TCK-005285,2026-06-19T19:34:00Z,agent,message,First response.
INT-0100571,TCK-005286,2026-06-10T07:58:00Z,customer,message,Initial report.
INT-0100572,TCK-005286,2026-06-10T09:46:00Z,agent,message,First response.
INT-0100573,TCK-005287,2026-06-02T13:23:00Z,customer,message,Initial report.
INT-0100574,TCK-005287,2026-06-02T16:25:00Z,agent,message,First response.
INT-0100575,TCK-005288,2026-06-25T11:25:00Z,customer,message,Initial report.
INT-0100576,TCK-005288,2026-06-25T14:34:00Z,agent,message,First response.
INT-0100577,TCK-005289,2026-06-04T15:35:00Z,customer,message,Initial report.
INT-0100578,TCK-005289,2026-06-04T19:09:00Z,agent,message,First response.
INT-0100579,TCK-005290,2026-06-17T08:06:00Z,customer,message,Initial report.
INT-0100580,TCK-005290,2026-06-17T09:51:00Z,agent,message,First response.
INT-0100581,TCK-005291,2026-06-17T09:18:00Z,customer,message,Initial report.
INT-0100582,TCK-005291,2026-06-17T11:17:00Z,agent,message,First response.
INT-0100583,TCK-005292,2026-06-23T11:10:00Z,customer,message,Initial report.
INT-0100584,TCK-005292,2026-06-23T13:33:00Z,agent,message,First response.
INT-0100585,TCK-005293,2026-06-19T07:47:00Z,customer,message,Initial report.
INT-0100586,TCK-005293,2026-06-19T10:01:00Z,agent,message,First response.
INT-0100587,TCK-005294,2026-06-27T07:26:00Z,customer,message,Initial report.
INT-0100588,TCK-005294,2026-06-27T10:26:00Z,agent,message,First response.
INT-0100589,TCK-005295,2026-06-10T10:59:00Z,customer,message,Initial report.
INT-0100590,TCK-005295,2026-06-10T11:56:00Z,agent,message,First response.
INT-0100591,TCK-005296,2026-06-08T18:11:00Z,customer,message,Initial report.
INT-0100592,TCK-005296,2026-06-08T19:59:00Z,agent,message,First response.
INT-0100593,TCK-005297,2026-06-13T08:13:00Z,customer,message,Initial report.
INT-0100594,TCK-005297,2026-06-13T10:16:00Z,agent,message,First response.
INT-0100595,TCK-005298,2026-06-14T11:59:00Z,customer,message,Initial report.
INT-0100596,TCK-005298,2026-06-14T13:17:00Z,agent,message,First response.
INT-0100597,TCK-005299,2026-06-22T18:27:00Z,customer,message,Initial report.
INT-0100598,TCK-005299,2026-06-22T19:45:00Z,agent,message,First response.
INT-0100599,TCK-005300,2026-06-06T13:40:00Z,customer,message,Initial report.
INT-0100600,TCK-005300,2026-06-06T16:58:00Z,agent,message,First response.
INT-0100601,TCK-005301,2026-06-15T18:17:00Z,customer,message,Initial report.
INT-0100602,TCK-005301,2026-06-15T20:03:00Z,agent,message,First response.
INT-0100603,TCK-005302,2026-06-14T07:21:00Z,customer,message,Initial report.
INT-0100604,TCK-005302,2026-06-14T07:33:00Z,agent,message,First response.
INT-0100605,TCK-005303,2026-06-18T14:24:00Z,customer,message,Initial report.
INT-0100606,TCK-005303,2026-06-18T16:25:00Z,agent,message,First response.
INT-0100607,TCK-005304,2026-06-10T10:59:00Z,customer,message,Initial report.
INT-0100608,TCK-005304,2026-06-10T13:26:00Z,agent,message,First response.
INT-0100609,TCK-005305,2026-06-01T16:18:00Z,customer,message,Initial report.
INT-0100610,TCK-005305,2026-06-01T17:55:00Z,agent,message,First response.
INT-0100611,TCK-005306,2026-06-23T17:32:00Z,customer,message,Initial report.
INT-0100612,TCK-005306,2026-06-23T18:32:00Z,agent,message,First response.
INT-0100613,TCK-005307,2026-06-13T12:22:00Z,customer,message,Initial report.
INT-0100614,TCK-005307,2026-06-13T14:44:00Z,agent,message,First response.
INT-0100615,TCK-005308,2026-06-05T13:29:00Z,customer,message,Initial report.
INT-0100616,TCK-005308,2026-06-05T15:43:00Z,agent,message,First response.
INT-0100617,TCK-005309,2026-06-23T17:20:00Z,customer,message,Initial report.
INT-0100618,TCK-005309,2026-06-23T19:23:00Z,agent,message,First response.
INT-0100619,TCK-005310,2026-06-15T07:31:00Z,customer,message,Initial report.
INT-0100620,TCK-005310,2026-06-15T10:00:00Z,agent,message,First response.
INT-0100621,TCK-005311,2026-06-09T13:36:00Z,customer,message,Initial report.
INT-0100622,TCK-005311,2026-06-09T14:50:00Z,agent,message,First response.
INT-0100623,TCK-005312,2026-06-26T08:04:00Z,customer,message,Initial report.
INT-0100624,TCK-005312,2026-06-26T08:16:00Z,agent,message,First response.
INT-0100625,TCK-005313,2026-06-19T16:16:00Z,customer,message,Initial report.
INT-0100626,TCK-005313,2026-06-19T17:32:00Z,agent,message,First response.
INT-0100627,TCK-005314,2026-06-14T07:51:00Z,customer,message,Initial report.
INT-0100628,TCK-005314,2026-06-14T09:36:00Z,agent,message,First response.
INT-0100629,TCK-005315,2026-06-14T18:58:00Z,customer,message,Initial report.
INT-0100630,TCK-005315,2026-06-14T21:49:00Z,agent,message,First response.
INT-0100631,TCK-005316,2026-06-19T15:06:00Z,customer,message,Initial report.
INT-0100632,TCK-005316,2026-06-19T18:17:00Z,agent,message,First response.
INT-0100633,TCK-005317,2026-06-14T10:30:00Z,customer,message,Initial report.
INT-0100634,TCK-005317,2026-06-14T11:38:00Z,agent,message,First response.
INT-0100635,TCK-005318,2026-06-24T12:53:00Z,customer,message,Initial report.
INT-0100636,TCK-005318,2026-06-24T14:43:00Z,agent,message,First response.
INT-0100637,TCK-005319,2026-06-15T07:34:00Z,customer,message,Initial report.
INT-0100638,TCK-005319,2026-06-15T07:46:00Z,agent,message,First response.
INT-0100639,TCK-005320,2026-06-04T07:21:00Z,customer,message,Initial report.
INT-0100640,TCK-005320,2026-06-04T10:58:00Z,agent,message,First response.
INT-0100641,TCK-005321,2026-06-06T08:24:00Z,customer,message,Initial report.
INT-0100642,TCK-005321,2026-06-06T12:17:00Z,agent,message,First response.
INT-0100643,TCK-005322,2026-06-09T17:47:00Z,customer,message,Initial report.
INT-0100644,TCK-005322,2026-06-09T19:03:00Z,agent,message,First response.
INT-0100645,TCK-005323,2026-06-02T16:40:00Z,customer,message,Initial report.
INT-0100646,TCK-005323,2026-06-02T20:20:00Z,agent,message,First response.
INT-0100647,TCK-005324,2026-06-20T08:22:00Z,customer,message,Initial report.
INT-0100648,TCK-005324,2026-06-20T09:59:00Z,agent,message,First response.
INT-0100649,TCK-005325,2026-06-01T08:26:00Z,customer,message,Initial report.
INT-0100650,TCK-005325,2026-06-01T10:18:00Z,agent,message,First response.
INT-0100651,TCK-005326,2026-06-27T16:07:00Z,customer,message,Initial report.
INT-0100652,TCK-005326,2026-06-27T18:25:00Z,agent,message,First response.
INT-0100653,TCK-005327,2026-06-23T09:09:00Z,customer,message,Initial report.
INT-0100654,TCK-005327,2026-06-23T09:40:00Z,agent,message,First response.
INT-0100655,TCK-005328,2026-06-23T08:06:00Z,customer,message,Initial report.
INT-0100656,TCK-005328,2026-06-23T09:38:00Z,agent,message,First response.
INT-0100657,TCK-005329,2026-06-26T08:12:00Z,customer,message,Initial report.
INT-0100658,TCK-005329,2026-06-26T09:54:00Z,agent,message,First response.
INT-0100659,TCK-005330,2026-06-09T10:58:00Z,customer,message,Initial report.
INT-0100660,TCK-005330,2026-06-09T12:37:00Z,agent,message,First response.
INT-0100661,TCK-005331,2026-06-10T11:34:00Z,customer,message,Initial report.
INT-0100662,TCK-005331,2026-06-10T13:04:00Z,agent,message,First response.
INT-0100663,TCK-005332,2026-06-21T14:56:00Z,customer,message,Initial report.
INT-0100664,TCK-005332,2026-06-21T16:53:00Z,agent,message,First response.
INT-0100665,TCK-005333,2026-06-09T18:41:00Z,customer,message,Initial report.
INT-0100666,TCK-005333,2026-06-09T21:02:00Z,agent,message,First response.
INT-0100667,TCK-005334,2026-06-06T11:01:00Z,customer,message,Initial report.
INT-0100668,TCK-005334,2026-06-06T12:25:00Z,agent,message,First response.
INT-0100669,TCK-005335,2026-06-20T10:29:00Z,customer,message,Initial report.
INT-0100670,TCK-005335,2026-06-20T12:38:00Z,agent,message,First response.
INT-0100671,TCK-005336,2026-06-06T10:50:00Z,customer,message,Initial report.
INT-0100672,TCK-005336,2026-06-06T12:12:00Z,agent,message,First response.
INT-0100673,TCK-005337,2026-06-04T16:29:00Z,customer,message,Initial report.
INT-0100674,TCK-005337,2026-06-04T18:49:00Z,agent,message,First response.
INT-0100675,TCK-005338,2026-06-07T12:19:00Z,customer,message,Initial report.
INT-0100676,TCK-005338,2026-06-07T13:46:00Z,agent,message,First response.
INT-0100677,TCK-005339,2026-06-04T08:02:00Z,customer,message,Initial report.
INT-0100678,TCK-005339,2026-06-04T09:38:00Z,agent,message,First response.
INT-0100679,TCK-005340,2026-06-15T12:01:00Z,customer,message,Initial report.
INT-0100680,TCK-005340,2026-06-15T14:19:00Z,agent,message,First response.
INT-0100681,TCK-005341,2026-06-26T10:21:00Z,customer,message,Initial report.
INT-0100682,TCK-005341,2026-06-26T12:48:00Z,agent,message,First response.
INT-0100683,TCK-005342,2026-06-14T07:19:00Z,customer,message,Initial report.
INT-0100684,TCK-005342,2026-06-14T10:40:00Z,agent,message,First response.
INT-0100685,TCK-005343,2026-06-10T15:44:00Z,customer,message,Initial report.
INT-0100686,TCK-005343,2026-06-10T17:12:00Z,agent,message,First response.
INT-0100687,TCK-005344,2026-06-24T16:08:00Z,customer,message,Initial report.
INT-0100688,TCK-005344,2026-06-24T17:00:00Z,agent,message,First response.
INT-0100689,TCK-005345,2026-06-08T18:57:00Z,customer,message,Initial report.
INT-0100690,TCK-005345,2026-06-08T20:50:00Z,agent,message,First response.
INT-0100691,TCK-005346,2026-06-01T11:33:00Z,customer,message,Initial report.
INT-0100692,TCK-005346,2026-06-01T13:38:00Z,agent,message,First response.
INT-0100693,TCK-005347,2026-06-10T18:43:00Z,customer,message,Initial report.
INT-0100694,TCK-005347,2026-06-10T20:47:00Z,agent,message,First response.
INT-0100695,TCK-005348,2026-06-16T15:45:00Z,customer,message,Initial report.
INT-0100696,TCK-005348,2026-06-16T16:56:00Z,agent,message,First response.
INT-0100697,TCK-005349,2026-06-22T10:28:00Z,customer,message,Initial report.
INT-0100698,TCK-005349,2026-06-22T11:33:00Z,agent,message,First response.
INT-0100699,TCK-005350,2026-06-03T14:57:00Z,customer,message,Initial report.
INT-0100700,TCK-005350,2026-06-03T17:22:00Z,agent,message,First response.
INT-0100701,TCK-005351,2026-06-13T13:24:00Z,customer,message,Initial report.
INT-0100702,TCK-005351,2026-06-13T16:03:00Z,agent,message,First response.
INT-0100703,TCK-005352,2026-06-24T11:48:00Z,customer,message,Initial report.
INT-0100704,TCK-005352,2026-06-24T15:16:00Z,agent,message,First response.
INT-0100705,TCK-005353,2026-06-10T12:24:00Z,customer,message,Initial report.
INT-0100706,TCK-005353,2026-06-10T14:51:00Z,agent,message,First response.
INT-0100707,TCK-005354,2026-06-12T13:59:00Z,customer,message,Initial report.
INT-0100708,TCK-005354,2026-06-12T15:23:00Z,agent,message,First response.
INT-0100709,TCK-005355,2026-06-04T09:55:00Z,customer,message,Initial report.
INT-0100710,TCK-005355,2026-06-04T10:44:00Z,agent,message,First response.
INT-0100711,TCK-005356,2026-06-18T10:23:00Z,customer,message,Initial report.
INT-0100712,TCK-005356,2026-06-18T13:41:00Z,agent,message,First response.
INT-0100713,TCK-005357,2026-06-21T15:59:00Z,customer,message,Initial report.
INT-0100714,TCK-005357,2026-06-21T18:14:00Z,agent,message,First response.
INT-0100715,TCK-005358,2026-06-01T07:50:00Z,customer,message,Initial report.
INT-0100716,TCK-005358,2026-06-01T08:51:00Z,agent,message,First response.
INT-0100717,TCK-005359,2026-06-24T11:08:00Z,customer,message,Initial report.
INT-0100718,TCK-005359,2026-06-24T13:44:00Z,agent,message,First response.
INT-0100719,TCK-005360,2026-06-26T13:15:00Z,customer,message,Initial report.
INT-0100720,TCK-005360,2026-06-26T14:37:00Z,agent,message,First response.
INT-0100721,TCK-005361,2026-06-10T15:35:00Z,customer,message,Initial report.
INT-0100722,TCK-005361,2026-06-10T17:22:00Z,agent,message,First response.
INT-0100723,TCK-005362,2026-06-10T15:48:00Z,customer,message,Initial report.
INT-0100724,TCK-005362,2026-06-10T16:14:00Z,agent,message,First response.
INT-0100725,TCK-005363,2026-06-01T15:01:00Z,customer,message,Initial report.
INT-0100726,TCK-005363,2026-06-01T18:03:00Z,agent,message,First response.
INT-0100727,TCK-005364,2026-06-06T15:44:00Z,customer,message,Initial report.
INT-0100728,TCK-005364,2026-06-06T17:27:00Z,agent,message,First response.
INT-0100729,TCK-005365,2026-06-14T11:44:00Z,customer,message,Initial report.
INT-0100730,TCK-005365,2026-06-14T12:23:00Z,agent,message,First response.
INT-0100731,TCK-005366,2026-06-14T09:02:00Z,customer,message,Initial report.
INT-0100732,TCK-005366,2026-06-14T10:28:00Z,agent,message,First response.
INT-0100733,TCK-005367,2026-06-08T12:34:00Z,customer,message,Initial report.
INT-0100734,TCK-005367,2026-06-08T14:41:00Z,agent,message,First response.
INT-0100735,TCK-005368,2026-06-12T16:09:00Z,customer,message,Initial report.
INT-0100736,TCK-005368,2026-06-12T18:42:00Z,agent,message,First response.
INT-0100737,TCK-005369,2026-06-20T16:03:00Z,customer,message,Initial report.
INT-0100738,TCK-005369,2026-06-20T19:57:00Z,agent,message,First response.
INT-0100739,TCK-005370,2026-06-16T09:13:00Z,customer,message,Initial report.
INT-0100740,TCK-005370,2026-06-16T11:31:00Z,agent,message,First response.
INT-0100741,TCK-005371,2026-06-21T13:41:00Z,customer,message,Initial report.
INT-0100742,TCK-005371,2026-06-21T15:56:00Z,agent,message,First response.
INT-0100743,TCK-005372,2026-06-17T15:08:00Z,customer,message,Initial report.
INT-0100744,TCK-005372,2026-06-17T19:00:00Z,agent,message,First response.
INT-0100745,TCK-005373,2026-06-21T16:51:00Z,customer,message,Initial report.
INT-0100746,TCK-005373,2026-06-21T19:05:00Z,agent,message,First response.
INT-0100747,TCK-005374,2026-06-03T16:59:00Z,customer,message,Initial report.
INT-0100748,TCK-005374,2026-06-03T19:10:00Z,agent,message,First response.
INT-0100749,TCK-005375,2026-06-10T13:12:00Z,customer,message,Initial report.
INT-0100750,TCK-005375,2026-06-10T14:01:00Z,agent,message,First response.
INT-0100751,TCK-005376,2026-06-16T12:32:00Z,customer,message,Initial report.
INT-0100752,TCK-005376,2026-06-16T14:17:00Z,agent,message,First response.
INT-0100753,TCK-005377,2026-06-01T14:26:00Z,customer,message,Initial report.
INT-0100754,TCK-005377,2026-06-01T16:14:00Z,agent,message,First response.
INT-0100755,TCK-005378,2026-06-13T10:44:00Z,customer,message,Initial report.
INT-0100756,TCK-005378,2026-06-13T12:07:00Z,agent,message,First response.
INT-0100757,TCK-005379,2026-06-17T11:58:00Z,customer,message,Initial report.
INT-0100758,TCK-005379,2026-06-17T14:42:00Z,agent,message,First response.
INT-0100759,TCK-005380,2026-06-03T10:10:00Z,customer,message,Initial report.
INT-0100760,TCK-005380,2026-06-03T11:52:00Z,agent,message,First response.
INT-0100761,TCK-005381,2026-06-05T07:53:00Z,customer,message,Initial report.
INT-0100762,TCK-005381,2026-06-05T10:09:00Z,agent,message,First response.
INT-0100763,TCK-005382,2026-06-25T16:25:00Z,customer,message,Initial report.
INT-0100764,TCK-005382,2026-06-25T19:38:00Z,agent,message,First response.
INT-0100765,TCK-005383,2026-06-04T11:24:00Z,customer,message,Initial report.
INT-0100766,TCK-005383,2026-06-04T13:08:00Z,agent,message,First response.
INT-0100767,TCK-005384,2026-06-24T16:32:00Z,customer,message,Initial report.
INT-0100768,TCK-005384,2026-06-24T17:34:00Z,agent,message,First response.
INT-0100769,TCK-005385,2026-06-13T10:54:00Z,customer,message,Initial report.
INT-0100770,TCK-005385,2026-06-13T13:26:00Z,agent,message,First response.
INT-0100771,TCK-005386,2026-06-13T18:33:00Z,customer,message,Initial report.
INT-0100772,TCK-005386,2026-06-13T21:32:00Z,agent,message,First response.
INT-0100773,TCK-005387,2026-06-18T09:03:00Z,customer,message,Initial report.
INT-0100774,TCK-005387,2026-06-18T09:58:00Z,agent,message,First response.
INT-0100775,TCK-005388,2026-06-06T11:58:00Z,customer,message,Initial report.
INT-0100776,TCK-005388,2026-06-06T16:15:00Z,agent,message,First response.
INT-0100777,TCK-005389,2026-06-22T18:37:00Z,customer,message,Initial report.
INT-0100778,TCK-005389,2026-06-22T19:59:00Z,agent,message,First response.
INT-0100779,TCK-005390,2026-06-14T12:59:00Z,customer,message,Initial report.
INT-0100780,TCK-005390,2026-06-14T14:32:00Z,agent,message,First response.
INT-0100781,TCK-005391,2026-06-06T18:44:00Z,customer,message,Initial report.
INT-0100782,TCK-005391,2026-06-06T20:46:00Z,agent,message,First response.
INT-0100783,TCK-005392,2026-06-13T09:29:00Z,customer,message,Initial report.
INT-0100784,TCK-005392,2026-06-13T12:41:00Z,agent,message,First response.
INT-0100785,TCK-005393,2026-06-02T16:32:00Z,customer,message,Initial report.
INT-0100786,TCK-005393,2026-06-02T18:49:00Z,agent,message,First response.
INT-0100787,TCK-005394,2026-06-26T13:25:00Z,customer,message,Initial report.
INT-0100788,TCK-005394,2026-06-26T13:37:00Z,agent,message,First response.
INT-0100789,TCK-005395,2026-06-26T15:29:00Z,customer,message,Initial report.
INT-0100790,TCK-005395,2026-06-26T17:53:00Z,agent,message,First response.
INT-0100791,TCK-005396,2026-06-01T07:41:00Z,customer,message,Initial report.
INT-0100792,TCK-005396,2026-06-01T09:51:00Z,agent,message,First response.
INT-0100793,TCK-005397,2026-06-04T08:51:00Z,customer,message,Initial report.
INT-0100794,TCK-005397,2026-06-04T09:38:00Z,agent,message,First response.
INT-0100795,TCK-005398,2026-06-11T16:01:00Z,customer,message,Initial report.
INT-0100796,TCK-005398,2026-06-11T18:06:00Z,agent,message,First response.
INT-0100797,TCK-005399,2026-06-03T13:07:00Z,customer,message,Initial report.
INT-0100798,TCK-005399,2026-06-03T14:53:00Z,agent,message,First response.
INT-0100799,TCK-005400,2026-06-20T09:58:00Z,customer,message,Initial report.
INT-0100800,TCK-005400,2026-06-20T12:16:00Z,agent,message,First response.
INT-0100801,TCK-005401,2026-06-14T16:14:00Z,customer,message,Initial report.
INT-0100802,TCK-005401,2026-06-14T18:13:00Z,agent,message,First response.
INT-0100803,TCK-005402,2026-06-15T11:07:00Z,customer,message,Initial report.
INT-0100804,TCK-005402,2026-06-15T13:43:00Z,agent,message,First response.
INT-0100805,TCK-005403,2026-06-07T18:21:00Z,customer,message,Initial report.
INT-0100806,TCK-005403,2026-06-07T20:15:00Z,agent,message,First response.
INT-0100807,TCK-005404,2026-06-14T14:15:00Z,customer,message,Initial report.
INT-0100808,TCK-005404,2026-06-14T15:26:00Z,agent,message,First response.
INT-0100809,TCK-005405,2026-06-10T15:36:00Z,customer,message,Initial report.
INT-0100810,TCK-005405,2026-06-10T17:31:00Z,agent,message,First response.
INT-0100811,TCK-005406,2026-06-08T18:22:00Z,customer,message,Initial report.
INT-0100812,TCK-005406,2026-06-08T20:54:00Z,agent,message,First response.
INT-0100813,TCK-005407,2026-06-08T18:15:00Z,customer,message,Initial report.
INT-0100814,TCK-005407,2026-06-08T18:40:00Z,agent,message,First response.
INT-0100815,TCK-005408,2026-06-05T08:20:00Z,customer,message,Initial report.
INT-0100816,TCK-005408,2026-06-05T10:10:00Z,agent,message,First response.
INT-0100817,TCK-005409,2026-07-09T18:47:00Z,customer,message,Initial report.
INT-0100818,TCK-005409,2026-07-09T18:59:00Z,assist,proposal_sent,First response.
INT-0100819,TCK-005410,2026-07-22T15:27:00Z,customer,message,Initial report.
INT-0100820,TCK-005410,2026-07-22T15:54:00Z,assist,proposal_sent,First response.
INT-0100821,TCK-005411,2026-07-03T08:18:00Z,customer,message,Initial report.
INT-0100822,TCK-005411,2026-07-03T11:21:00Z,agent,message,First response.
INT-0100823,TCK-005412,2026-07-27T16:41:00Z,customer,message,Initial report.
INT-0100824,TCK-005412,2026-07-27T18:42:00Z,agent,message,First response.
INT-0100825,TCK-005413,2026-07-19T09:26:00Z,customer,message,Initial report.
INT-0100826,TCK-005413,2026-07-19T12:32:00Z,agent,message,First response.
INT-0100827,TCK-005414,2026-07-22T08:12:00Z,customer,message,Initial report.
INT-0100828,TCK-005414,2026-07-22T11:04:00Z,agent,message,First response.
INT-0100829,TCK-005415,2026-07-25T13:14:00Z,customer,message,Initial report.
INT-0100830,TCK-005415,2026-07-25T13:59:00Z,agent,message,First response.
INT-0100831,TCK-005416,2026-07-12T18:50:00Z,customer,message,Initial report.
INT-0100832,TCK-005416,2026-07-12T20:48:00Z,agent,message,First response.
INT-0100833,TCK-005417,2026-07-07T11:06:00Z,customer,message,Initial report.
INT-0100834,TCK-005417,2026-07-07T11:14:00Z,assist,proposal_sent,First response.
INT-0100835,TCK-005418,2026-07-04T08:48:00Z,customer,message,Initial report.
INT-0100836,TCK-005418,2026-07-04T08:59:00Z,assist,proposal_sent,First response.
INT-0100837,TCK-005419,2026-07-12T08:45:00Z,customer,message,Initial report.
INT-0100838,TCK-005419,2026-07-12T09:46:00Z,agent,message,First response.
INT-0100839,TCK-005420,2026-07-05T16:18:00Z,customer,message,Initial report.
INT-0100840,TCK-005420,2026-07-05T16:29:00Z,assist,proposal_sent,First response.
INT-0100841,TCK-005421,2026-07-23T17:06:00Z,customer,message,Initial report.
INT-0100842,TCK-005421,2026-07-23T17:58:00Z,agent,message,First response.
INT-0100843,TCK-005422,2026-07-04T12:23:00Z,customer,message,Initial report.
INT-0100844,TCK-005422,2026-07-04T12:52:00Z,assist,proposal_sent,First response.
INT-0100845,TCK-005423,2026-07-01T08:58:00Z,customer,message,Initial report.
INT-0100846,TCK-005423,2026-07-01T10:04:00Z,agent,message,First response.
INT-0100847,TCK-005424,2026-07-01T09:52:00Z,customer,message,Initial report.
INT-0100848,TCK-005424,2026-07-01T11:21:00Z,agent,message,First response.
INT-0100849,TCK-005425,2026-07-12T13:27:00Z,customer,message,Initial report.
INT-0100850,TCK-005425,2026-07-12T15:03:00Z,agent,message,First response.
INT-0100851,TCK-005426,2026-07-16T09:15:00Z,customer,message,Initial report.
INT-0100852,TCK-005426,2026-07-16T09:51:00Z,assist,proposal_sent,First response.
INT-0100853,TCK-005427,2026-07-12T14:00:00Z,customer,message,Initial report.
INT-0100854,TCK-005427,2026-07-12T15:44:00Z,agent,message,First response.
INT-0100855,TCK-005428,2026-07-04T13:42:00Z,customer,message,Initial report.
INT-0100856,TCK-005428,2026-07-04T13:55:00Z,assist,proposal_sent,First response.
INT-0100857,TCK-005429,2026-07-13T07:39:00Z,customer,message,Initial report.
INT-0100858,TCK-005429,2026-07-13T08:30:00Z,agent,message,First response.
INT-0100859,TCK-005430,2026-07-23T14:28:00Z,customer,message,Initial report.
INT-0100860,TCK-005430,2026-07-23T17:39:00Z,agent,message,First response.
INT-0100861,TCK-005431,2026-07-06T16:03:00Z,customer,message,Initial report.
INT-0100862,TCK-005431,2026-07-06T16:30:00Z,assist,proposal_sent,First response.
INT-0100863,TCK-005432,2026-07-02T08:32:00Z,customer,message,Initial report.
INT-0100864,TCK-005432,2026-07-02T09:01:00Z,agent,message,First response.
INT-0100865,TCK-005433,2026-07-05T07:18:00Z,customer,message,Initial report.
INT-0100866,TCK-005433,2026-07-05T08:40:00Z,agent,message,First response.
INT-0100867,TCK-005434,2026-07-07T16:47:00Z,customer,message,Initial report.
INT-0100868,TCK-005434,2026-07-07T20:14:00Z,agent,message,First response.
INT-0100869,TCK-005435,2026-07-13T07:45:00Z,customer,message,Initial report.
INT-0100870,TCK-005435,2026-07-13T08:07:00Z,assist,proposal_sent,First response.
INT-0100871,TCK-005436,2026-07-27T08:18:00Z,customer,message,Initial report.
INT-0100872,TCK-005436,2026-07-27T08:42:00Z,assist,proposal_sent,First response.
INT-0100873,TCK-005437,2026-07-18T14:42:00Z,customer,message,Initial report.
INT-0100874,TCK-005437,2026-07-18T15:55:00Z,agent,message,First response.
INT-0100875,TCK-005438,2026-07-25T10:39:00Z,customer,message,Initial report.
INT-0100876,TCK-005438,2026-07-25T10:55:00Z,assist,proposal_sent,First response.
INT-0100877,TCK-005439,2026-07-05T16:01:00Z,customer,message,Initial report.
INT-0100878,TCK-005439,2026-07-05T16:21:00Z,assist,proposal_sent,First response.
INT-0100879,TCK-005440,2026-07-25T13:02:00Z,customer,message,Initial report.
INT-0100880,TCK-005440,2026-07-25T13:32:00Z,assist,proposal_sent,First response.
INT-0100881,TCK-005441,2026-07-09T09:05:00Z,customer,message,Initial report.
INT-0100882,TCK-005441,2026-07-09T09:28:00Z,assist,proposal_sent,First response.
INT-0100883,TCK-005442,2026-07-05T15:44:00Z,customer,message,Initial report.
INT-0100884,TCK-005442,2026-07-05T17:34:00Z,agent,message,First response.
INT-0100885,TCK-005443,2026-07-08T10:14:00Z,customer,message,Initial report.
INT-0100886,TCK-005443,2026-07-08T10:53:00Z,agent,message,First response.
INT-0100887,TCK-005444,2026-07-01T11:39:00Z,customer,message,Initial report.
INT-0100888,TCK-005444,2026-07-01T12:00:00Z,assist,proposal_sent,First response.
INT-0100889,TCK-005445,2026-07-07T14:36:00Z,customer,message,Initial report.
INT-0100890,TCK-005445,2026-07-07T14:44:00Z,assist,proposal_sent,First response.
INT-0100891,TCK-005446,2026-07-13T18:24:00Z,customer,message,Initial report.
INT-0100892,TCK-005446,2026-07-13T19:11:00Z,agent,message,First response.
INT-0100893,TCK-005447,2026-07-25T12:16:00Z,customer,message,Initial report.
INT-0100894,TCK-005447,2026-07-25T14:36:00Z,agent,message,First response.
INT-0100895,TCK-005448,2026-07-03T17:33:00Z,customer,message,Initial report.
INT-0100896,TCK-005448,2026-07-03T19:36:00Z,agent,message,First response.
INT-0100897,TCK-005449,2026-07-03T13:18:00Z,customer,message,Initial report.
INT-0100898,TCK-005449,2026-07-03T15:30:00Z,agent,message,First response.
INT-0100899,TCK-005450,2026-07-20T08:34:00Z,customer,message,Initial report.
INT-0100900,TCK-005450,2026-07-20T08:55:00Z,agent,message,First response.
INT-0100901,TCK-005451,2026-07-24T18:50:00Z,customer,message,Initial report.
INT-0100902,TCK-005451,2026-07-24T19:27:00Z,agent,message,First response.
INT-0100903,TCK-005452,2026-07-25T12:33:00Z,customer,message,Initial report.
INT-0100904,TCK-005452,2026-07-25T13:13:00Z,assist,proposal_sent,First response.
INT-0100905,TCK-005453,2026-07-22T18:11:00Z,customer,message,Initial report.
INT-0100906,TCK-005453,2026-07-22T20:34:00Z,agent,message,First response.
INT-0100907,TCK-005454,2026-07-12T10:40:00Z,customer,message,Initial report.
INT-0100908,TCK-005454,2026-07-12T10:59:00Z,assist,proposal_sent,First response.
INT-0100909,TCK-005455,2026-07-18T14:49:00Z,customer,message,Initial report.
INT-0100910,TCK-005455,2026-07-18T15:10:00Z,assist,proposal_sent,First response.
INT-0100911,TCK-005456,2026-07-24T07:26:00Z,customer,message,Initial report.
INT-0100912,TCK-005456,2026-07-24T08:00:00Z,assist,proposal_sent,First response.
INT-0100913,TCK-005457,2026-07-17T09:07:00Z,customer,message,Initial report.
INT-0100914,TCK-005457,2026-07-17T10:28:00Z,agent,message,First response.
INT-0100915,TCK-005458,2026-07-10T18:52:00Z,customer,message,Initial report.
INT-0100916,TCK-005458,2026-07-10T21:15:00Z,agent,message,First response.
INT-0100917,TCK-005459,2026-07-27T10:11:00Z,customer,message,Initial report.
INT-0100918,TCK-005459,2026-07-27T13:41:00Z,agent,message,First response.
INT-0100919,TCK-005460,2026-07-18T13:03:00Z,customer,message,Initial report.
INT-0100920,TCK-005460,2026-07-18T13:30:00Z,assist,proposal_sent,First response.
INT-0100921,TCK-005461,2026-07-21T11:18:00Z,customer,message,Initial report.
INT-0100922,TCK-005461,2026-07-21T13:52:00Z,agent,message,First response.
INT-0100923,TCK-005462,2026-07-17T15:30:00Z,customer,message,Initial report.
INT-0100924,TCK-005462,2026-07-17T15:49:00Z,assist,proposal_sent,First response.
INT-0100925,TCK-005463,2026-07-26T07:20:00Z,customer,message,Initial report.
INT-0100926,TCK-005463,2026-07-26T07:50:00Z,assist,proposal_sent,First response.
INT-0100927,TCK-005464,2026-07-01T07:59:00Z,customer,message,Initial report.
INT-0100928,TCK-005464,2026-07-01T10:14:00Z,agent,message,First response.
INT-0100929,TCK-005465,2026-07-27T07:01:00Z,customer,message,Initial report.
INT-0100930,TCK-005465,2026-07-27T09:06:00Z,agent,message,First response.
INT-0100931,TCK-005466,2026-07-04T11:47:00Z,customer,message,Initial report.
INT-0100932,TCK-005466,2026-07-04T14:53:00Z,agent,message,First response.
INT-0100933,TCK-005467,2026-07-15T08:56:00Z,customer,message,Initial report.
INT-0100934,TCK-005467,2026-07-15T09:10:00Z,assist,proposal_sent,First response.
INT-0100935,TCK-005468,2026-07-16T15:14:00Z,customer,message,Initial report.
INT-0100936,TCK-005468,2026-07-16T17:23:00Z,agent,message,First response.
INT-0100937,TCK-005469,2026-07-01T11:46:00Z,customer,message,Initial report.
INT-0100938,TCK-005469,2026-07-01T12:24:00Z,assist,proposal_sent,First response.
INT-0100939,TCK-005470,2026-07-12T16:14:00Z,customer,message,Initial report.
INT-0100940,TCK-005470,2026-07-12T16:56:00Z,agent,message,First response.
INT-0100941,TCK-005471,2026-07-01T09:50:00Z,customer,message,Initial report.
INT-0100942,TCK-005471,2026-07-01T11:47:00Z,agent,message,First response.
INT-0100943,TCK-005472,2026-07-23T09:42:00Z,customer,message,Initial report.
INT-0100944,TCK-005472,2026-07-23T12:01:00Z,agent,message,First response.
INT-0100945,TCK-005473,2026-07-01T16:33:00Z,customer,message,Initial report.
INT-0100946,TCK-005473,2026-07-01T20:01:00Z,agent,message,First response.
INT-0100947,TCK-005474,2026-07-16T14:30:00Z,customer,message,Initial report.
INT-0100948,TCK-005474,2026-07-16T14:41:00Z,assist,proposal_sent,First response.
INT-0100949,TCK-005475,2026-07-25T13:54:00Z,customer,message,Initial report.
INT-0100950,TCK-005475,2026-07-25T14:33:00Z,agent,message,First response.
INT-0100951,TCK-005476,2026-07-15T12:22:00Z,customer,message,Initial report.
INT-0100952,TCK-005476,2026-07-15T14:08:00Z,agent,message,First response.
INT-0100953,TCK-005477,2026-07-09T09:43:00Z,customer,message,Initial report.
INT-0100954,TCK-005477,2026-07-09T11:49:00Z,agent,message,First response.
INT-0100955,TCK-005478,2026-07-24T12:33:00Z,customer,message,Initial report.
INT-0100956,TCK-005478,2026-07-24T12:44:00Z,assist,proposal_sent,First response.
INT-0100957,TCK-005479,2026-07-12T12:39:00Z,customer,message,Initial report.
INT-0100958,TCK-005479,2026-07-12T12:56:00Z,assist,proposal_sent,First response.
INT-0100959,TCK-005480,2026-07-21T09:46:00Z,customer,message,Initial report.
INT-0100960,TCK-005480,2026-07-21T10:54:00Z,agent,message,First response.
INT-0100961,TCK-005481,2026-07-11T15:41:00Z,customer,message,Initial report.
INT-0100962,TCK-005481,2026-07-11T16:38:00Z,agent,message,First response.
INT-0100963,TCK-005482,2026-07-20T11:19:00Z,customer,message,Initial report.
INT-0100964,TCK-005482,2026-07-20T14:08:00Z,agent,message,First response.
INT-0100965,TCK-005483,2026-07-17T14:37:00Z,customer,message,Initial report.
INT-0100966,TCK-005483,2026-07-17T19:13:00Z,agent,message,First response.
INT-0100967,TCK-005484,2026-07-23T14:33:00Z,customer,message,Initial report.
INT-0100968,TCK-005484,2026-07-23T17:35:00Z,agent,message,First response.
INT-0100969,TCK-005485,2026-07-16T12:12:00Z,customer,message,Initial report.
INT-0100970,TCK-005485,2026-07-16T13:40:00Z,agent,message,First response.
INT-0100971,TCK-005486,2026-07-17T13:38:00Z,customer,message,Initial report.
INT-0100972,TCK-005486,2026-07-17T13:58:00Z,assist,proposal_sent,First response.
INT-0100973,TCK-005487,2026-07-26T17:19:00Z,customer,message,Initial report.
INT-0100974,TCK-005487,2026-07-26T18:12:00Z,agent,message,First response.
INT-0100975,TCK-005488,2026-07-07T14:00:00Z,customer,message,Initial report.
INT-0100976,TCK-005488,2026-07-07T14:26:00Z,assist,proposal_sent,First response.
INT-0100977,TCK-005489,2026-07-25T13:31:00Z,customer,message,Initial report.
INT-0100978,TCK-005489,2026-07-25T13:39:00Z,assist,proposal_sent,First response.
INT-0100979,TCK-005490,2026-07-16T14:30:00Z,customer,message,Initial report.
INT-0100980,TCK-005490,2026-07-16T15:04:00Z,assist,proposal_sent,First response.
INT-0100981,TCK-005491,2026-07-20T15:04:00Z,customer,message,Initial report.
INT-0100982,TCK-005491,2026-07-20T15:16:00Z,agent,message,First response.
INT-0100983,TCK-005492,2026-07-24T15:55:00Z,customer,message,Initial report.
INT-0100984,TCK-005492,2026-07-24T16:20:00Z,assist,proposal_sent,First response.
INT-0100985,TCK-005493,2026-07-15T12:16:00Z,customer,message,Initial report.
INT-0100986,TCK-005493,2026-07-15T12:29:00Z,assist,proposal_sent,First response.
INT-0100987,TCK-005494,2026-07-06T09:22:00Z,customer,message,Initial report.
INT-0100988,TCK-005494,2026-07-06T09:43:00Z,assist,proposal_sent,First response.
INT-0100989,TCK-005495,2026-07-03T08:44:00Z,customer,message,Initial report.
INT-0100990,TCK-005495,2026-07-03T11:33:00Z,agent,message,First response.
INT-0100991,TCK-005496,2026-07-02T13:38:00Z,customer,message,Initial report.
INT-0100992,TCK-005496,2026-07-02T14:29:00Z,agent,message,First response.
INT-0100993,TCK-005497,2026-07-23T16:42:00Z,customer,message,Initial report.
INT-0100994,TCK-005497,2026-07-23T19:59:00Z,agent,message,First response.
INT-0100995,TCK-005498,2026-07-07T18:00:00Z,customer,message,Initial report.
INT-0100996,TCK-005498,2026-07-07T19:29:00Z,agent,message,First response.
INT-0100997,TCK-005499,2026-07-24T08:36:00Z,customer,message,Initial report.
INT-0100998,TCK-005499,2026-07-24T10:45:00Z,agent,message,First response.
INT-0100999,TCK-005500,2026-07-20T07:06:00Z,customer,message,Initial report.
INT-0101000,TCK-005500,2026-07-20T07:20:00Z,assist,proposal_sent,First response.
INT-0101001,TCK-005501,2026-07-10T12:23:00Z,customer,message,Initial report.
INT-0101002,TCK-005501,2026-07-10T14:16:00Z,agent,message,First response.
INT-0101003,TCK-005502,2026-07-22T09:35:00Z,customer,message,Initial report.
INT-0101004,TCK-005502,2026-07-22T10:33:00Z,agent,message,First response.
INT-0101005,TCK-005503,2026-07-11T07:33:00Z,customer,message,Initial report.
INT-0101006,TCK-005503,2026-07-11T09:27:00Z,agent,message,First response.
INT-0101007,TCK-005504,2026-07-25T08:24:00Z,customer,message,Initial report.
INT-0101008,TCK-005504,2026-07-25T08:57:00Z,assist,proposal_sent,First response.
INT-0101009,TCK-005505,2026-07-09T17:13:00Z,customer,message,Initial report.
INT-0101010,TCK-005505,2026-07-09T20:12:00Z,agent,message,First response.
INT-0101011,TCK-005506,2026-07-17T07:23:00Z,customer,message,Initial report.
INT-0101012,TCK-005506,2026-07-17T10:24:00Z,agent,message,First response.
INT-0101013,TCK-005507,2026-07-26T15:40:00Z,customer,message,Initial report.
INT-0101014,TCK-005507,2026-07-26T16:04:00Z,assist,proposal_sent,First response.
INT-0101015,TCK-005508,2026-07-07T17:59:00Z,customer,message,Initial report.
INT-0101016,TCK-005508,2026-07-07T19:25:00Z,agent,message,First response.
INT-0101017,TCK-005509,2026-07-18T08:42:00Z,customer,message,Initial report.
INT-0101018,TCK-005509,2026-07-18T09:42:00Z,agent,message,First response.
INT-0101019,TCK-005510,2026-07-10T09:47:00Z,customer,message,Initial report.
INT-0101020,TCK-005510,2026-07-10T11:48:00Z,agent,message,First response.
INT-0101021,TCK-005511,2026-07-27T17:49:00Z,customer,message,Initial report.
INT-0101022,TCK-005511,2026-07-27T19:51:00Z,agent,message,First response.
INT-0101023,TCK-005512,2026-07-15T08:39:00Z,customer,message,Initial report.
INT-0101024,TCK-005512,2026-07-15T09:06:00Z,agent,message,First response.
INT-0101025,TCK-005513,2026-07-15T16:35:00Z,customer,message,Initial report.
INT-0101026,TCK-005513,2026-07-15T17:31:00Z,agent,message,First response.
INT-0101027,TCK-005514,2026-07-08T16:45:00Z,customer,message,Initial report.
INT-0101028,TCK-005514,2026-07-08T20:10:00Z,agent,message,First response.
INT-0101029,TCK-005515,2026-07-23T07:53:00Z,customer,message,Initial report.
INT-0101030,TCK-005515,2026-07-23T09:51:00Z,agent,message,First response.
INT-0101031,TCK-005516,2026-07-03T14:22:00Z,customer,message,Initial report.
INT-0101032,TCK-005516,2026-07-03T14:34:00Z,agent,message,First response.
INT-0101033,TCK-005517,2026-07-01T15:42:00Z,customer,message,Initial report.
INT-0101034,TCK-005517,2026-07-01T16:41:00Z,agent,message,First response.
INT-0101035,TCK-005518,2026-07-23T18:05:00Z,customer,message,Initial report.
INT-0101036,TCK-005518,2026-07-23T18:38:00Z,assist,proposal_sent,First response.
INT-0101037,TCK-005519,2026-07-27T07:39:00Z,customer,message,Initial report.
INT-0101038,TCK-005519,2026-07-27T07:57:00Z,assist,proposal_sent,First response.
INT-0101039,TCK-005520,2026-07-17T11:29:00Z,customer,message,Initial report.
INT-0101040,TCK-005520,2026-07-17T12:05:00Z,assist,proposal_sent,First response.
INT-0101041,TCK-005521,2026-07-13T18:21:00Z,customer,message,Initial report.
INT-0101042,TCK-005521,2026-07-13T21:30:00Z,agent,message,First response.
INT-0101043,TCK-005522,2026-07-15T16:48:00Z,customer,message,Initial report.
INT-0101044,TCK-005522,2026-07-15T17:05:00Z,assist,proposal_sent,First response.
INT-0101045,TCK-005523,2026-07-14T08:07:00Z,customer,message,Initial report.
INT-0101046,TCK-005523,2026-07-14T08:46:00Z,assist,proposal_sent,First response.
INT-0101047,TCK-005524,2026-07-17T07:01:00Z,customer,message,Initial report.
INT-0101048,TCK-005524,2026-07-17T07:20:00Z,assist,proposal_sent,First response.
INT-0101049,TCK-005525,2026-07-01T10:34:00Z,customer,message,Initial report.
INT-0101050,TCK-005525,2026-07-01T11:08:00Z,assist,proposal_sent,First response.
INT-0101051,TCK-005526,2026-07-17T09:01:00Z,customer,message,Initial report.
INT-0101052,TCK-005526,2026-07-17T11:31:00Z,agent,message,First response.
INT-0101053,TCK-005527,2026-07-14T11:43:00Z,customer,message,Initial report.
INT-0101054,TCK-005527,2026-07-14T13:39:00Z,agent,message,First response.
INT-0101055,TCK-005528,2026-07-06T08:28:00Z,customer,message,Initial report.
INT-0101056,TCK-005528,2026-07-06T08:50:00Z,assist,proposal_sent,First response.
INT-0101057,TCK-005529,2026-07-11T14:10:00Z,customer,message,Initial report.
INT-0101058,TCK-005529,2026-07-11T15:46:00Z,agent,message,First response.
INT-0101059,TCK-005530,2026-07-21T16:15:00Z,customer,message,Initial report.
INT-0101060,TCK-005530,2026-07-21T16:51:00Z,assist,proposal_sent,First response.
INT-0101061,TCK-005531,2026-07-27T08:21:00Z,customer,message,Initial report.
INT-0101062,TCK-005531,2026-07-27T09:09:00Z,agent,message,First response.
INT-0101063,TCK-005532,2026-07-23T15:44:00Z,customer,message,Initial report.
INT-0101064,TCK-005532,2026-07-23T18:24:00Z,agent,message,First response.
INT-0101065,TCK-005533,2026-07-17T08:23:00Z,customer,message,Initial report.
INT-0101066,TCK-005533,2026-07-17T08:33:00Z,assist,proposal_sent,First response.
INT-0101067,TCK-005534,2026-07-15T11:13:00Z,customer,message,Initial report.
INT-0101068,TCK-005534,2026-07-15T12:46:00Z,agent,message,First response.
INT-0101069,TCK-005535,2026-07-02T10:49:00Z,customer,message,Initial report.
INT-0101070,TCK-005535,2026-07-02T11:16:00Z,assist,proposal_sent,First response.
INT-0101071,TCK-005536,2026-07-23T07:38:00Z,customer,message,Initial report.
INT-0101072,TCK-005536,2026-07-23T11:25:00Z,agent,message,First response.
INT-0101073,TCK-005537,2026-07-21T10:10:00Z,customer,message,Initial report.
INT-0101074,TCK-005537,2026-07-21T11:50:00Z,agent,message,First response.
INT-0101075,TCK-005538,2026-07-24T17:59:00Z,customer,message,Initial report.
INT-0101076,TCK-005538,2026-07-24T20:39:00Z,agent,message,First response.
INT-0101077,TCK-005539,2026-07-01T13:38:00Z,customer,message,Initial report.
INT-0101078,TCK-005539,2026-07-01T14:30:00Z,agent,message,First response.
INT-0101079,TCK-005540,2026-07-08T08:13:00Z,customer,message,Initial report.
INT-0101080,TCK-005540,2026-07-08T09:38:00Z,agent,message,First response.
INT-0101081,TCK-005541,2026-07-18T08:39:00Z,customer,message,Initial report.
INT-0101082,TCK-005541,2026-07-18T11:24:00Z,agent,message,First response.
INT-0101083,TCK-005542,2026-07-24T15:48:00Z,customer,message,Initial report.
INT-0101084,TCK-005542,2026-07-24T16:09:00Z,assist,proposal_sent,First response.
INT-0101085,TCK-005543,2026-07-10T13:05:00Z,customer,message,Initial report.
INT-0101086,TCK-005543,2026-07-10T15:02:00Z,agent,message,First response.
INT-0101087,TCK-005544,2026-07-05T15:14:00Z,customer,message,Initial report.
INT-0101088,TCK-005544,2026-07-05T15:26:00Z,assist,proposal_sent,First response.
INT-0101089,TCK-005545,2026-07-12T14:49:00Z,customer,message,Initial report.
INT-0101090,TCK-005545,2026-07-12T16:27:00Z,agent,message,First response.
INT-0101091,TCK-005546,2026-07-18T07:57:00Z,customer,message,Initial report.
INT-0101092,TCK-005546,2026-07-18T08:35:00Z,assist,proposal_sent,First response.
INT-0101093,TCK-005547,2026-07-20T09:15:00Z,customer,message,Initial report.
INT-0101094,TCK-005547,2026-07-20T09:34:00Z,agent,message,First response.
INT-0101095,TCK-005548,2026-07-26T13:42:00Z,customer,message,Initial report.
INT-0101096,TCK-005548,2026-07-26T13:51:00Z,assist,proposal_sent,First response.
INT-0101097,TCK-005549,2026-07-06T18:00:00Z,customer,message,Initial report.
INT-0101098,TCK-005549,2026-07-06T18:28:00Z,assist,proposal_sent,First response.
INT-0101099,TCK-005550,2026-07-27T18:25:00Z,customer,message,Initial report.
INT-0101100,TCK-005550,2026-07-27T18:49:00Z,assist,proposal_sent,First response.
INT-0101101,TCK-005551,2026-07-10T18:41:00Z,customer,message,Initial report.
INT-0101102,TCK-005551,2026-07-10T21:26:00Z,agent,message,First response.
INT-0101103,TCK-005552,2026-07-04T12:22:00Z,customer,message,Initial report.
INT-0101104,TCK-005552,2026-07-04T13:58:00Z,agent,message,First response.
INT-0101105,TCK-005553,2026-07-04T14:26:00Z,customer,message,Initial report.
INT-0101106,TCK-005553,2026-07-04T16:48:00Z,agent,message,First response.
INT-0101107,TCK-005554,2026-07-20T18:09:00Z,customer,message,Initial report.
INT-0101108,TCK-005554,2026-07-20T18:34:00Z,assist,proposal_sent,First response.
INT-0101109,TCK-005555,2026-07-04T08:56:00Z,customer,message,Initial report.
INT-0101110,TCK-005555,2026-07-04T11:31:00Z,agent,message,First response.
INT-0101111,TCK-005556,2026-07-13T07:05:00Z,customer,message,Initial report.
INT-0101112,TCK-005556,2026-07-13T07:41:00Z,assist,proposal_sent,First response.
INT-0101113,TCK-005557,2026-07-14T07:23:00Z,customer,message,Initial report.
INT-0101114,TCK-005557,2026-07-14T08:59:00Z,agent,message,First response.
INT-0101115,TCK-005558,2026-07-11T16:55:00Z,customer,message,Initial report.
INT-0101116,TCK-005558,2026-07-11T17:33:00Z,assist,proposal_sent,First response.
INT-0101117,TCK-005559,2026-07-16T15:15:00Z,customer,message,Initial report.
INT-0101118,TCK-005559,2026-07-16T17:38:00Z,agent,message,First response.
INT-0101119,TCK-005560,2026-07-25T13:13:00Z,customer,message,Initial report.
INT-0101120,TCK-005560,2026-07-25T15:07:00Z,agent,message,First response.
INT-0101121,TCK-005561,2026-07-21T13:41:00Z,customer,message,Initial report.
INT-0101122,TCK-005561,2026-07-21T16:12:00Z,agent,message,First response.
INT-0101123,TCK-005562,2026-07-07T16:23:00Z,customer,message,Initial report.
INT-0101124,TCK-005562,2026-07-07T20:44:00Z,agent,message,First response.
INT-0101125,TCK-005563,2026-07-18T10:16:00Z,customer,message,Initial report.
INT-0101126,TCK-005563,2026-07-18T10:25:00Z,assist,proposal_sent,First response.
INT-0101127,TCK-005564,2026-07-25T12:58:00Z,customer,message,Initial report.
INT-0101128,TCK-005564,2026-07-25T15:40:00Z,agent,message,First response.
INT-0101129,TCK-005565,2026-07-18T17:43:00Z,customer,message,Initial report.
INT-0101130,TCK-005565,2026-07-18T18:06:00Z,assist,proposal_sent,First response.
INT-0101131,TCK-005566,2026-07-10T09:45:00Z,customer,message,Initial report.
INT-0101132,TCK-005566,2026-07-10T11:08:00Z,agent,message,First response.
INT-0101133,TCK-005567,2026-07-05T08:00:00Z,customer,message,Initial report.
INT-0101134,TCK-005567,2026-07-05T08:31:00Z,assist,proposal_sent,First response.
INT-0101135,TCK-005568,2026-07-11T08:17:00Z,customer,message,Initial report.
INT-0101136,TCK-005568,2026-07-11T10:32:00Z,agent,message,First response.
INT-0101137,TCK-005569,2026-07-06T15:33:00Z,customer,message,Initial report.
INT-0101138,TCK-005569,2026-07-06T15:45:00Z,assist,proposal_sent,First response.
INT-0101139,TCK-005570,2026-07-12T17:12:00Z,customer,message,Initial report.
INT-0101140,TCK-005570,2026-07-12T18:59:00Z,agent,message,First response.
INT-0101141,TCK-005571,2026-07-02T13:46:00Z,customer,message,Initial report.
INT-0101142,TCK-005571,2026-07-02T14:02:00Z,assist,proposal_sent,First response.
INT-0101143,TCK-005572,2026-07-08T11:59:00Z,customer,message,Initial report.
INT-0101144,TCK-005572,2026-07-08T12:18:00Z,assist,proposal_sent,First response.
INT-0101145,TCK-005573,2026-07-16T16:51:00Z,customer,message,Initial report.
INT-0101146,TCK-005573,2026-07-16T17:44:00Z,agent,message,First response.
INT-0101147,TCK-005574,2026-07-13T07:18:00Z,customer,message,Initial report.
INT-0101148,TCK-005574,2026-07-13T09:41:00Z,agent,message,First response.
INT-0101149,TCK-005575,2026-07-14T07:53:00Z,customer,message,Initial report.
INT-0101150,TCK-005575,2026-07-14T08:18:00Z,assist,proposal_sent,First response.
INT-0101151,TCK-005576,2026-07-01T10:32:00Z,customer,message,Initial report.
INT-0101152,TCK-005576,2026-07-01T11:05:00Z,assist,proposal_sent,First response.
INT-0101153,TCK-005577,2026-07-02T16:31:00Z,customer,message,Initial report.
INT-0101154,TCK-005577,2026-07-02T17:34:00Z,agent,message,First response.
INT-0101155,TCK-005578,2026-07-19T13:47:00Z,customer,message,Initial report.
INT-0101156,TCK-005578,2026-07-19T14:21:00Z,assist,proposal_sent,First response.
INT-0101157,TCK-005579,2026-07-19T16:21:00Z,customer,message,Initial report.
INT-0101158,TCK-005579,2026-07-19T18:15:00Z,agent,message,First response.
INT-0101159,TCK-005580,2026-07-14T16:35:00Z,customer,message,Initial report.
INT-0101160,TCK-005580,2026-07-14T19:43:00Z,agent,message,First response.
INT-0101161,TCK-005581,2026-07-09T16:20:00Z,customer,message,Initial report.
INT-0101162,TCK-005581,2026-07-09T16:28:00Z,assist,proposal_sent,First response.
INT-0101163,TCK-005582,2026-07-08T07:16:00Z,customer,message,Initial report.
INT-0101164,TCK-005582,2026-07-08T07:50:00Z,assist,proposal_sent,First response.
INT-0101165,TCK-005583,2026-07-10T10:00:00Z,customer,message,Initial report.
INT-0101166,TCK-005583,2026-07-10T10:10:00Z,assist,proposal_sent,First response.
INT-0101167,TCK-005584,2026-07-12T07:28:00Z,customer,message,Initial report.
INT-0101168,TCK-005584,2026-07-12T09:06:00Z,agent,message,First response.
INT-0101169,TCK-005585,2026-07-27T15:18:00Z,customer,message,Initial report.
INT-0101170,TCK-005585,2026-07-27T17:33:00Z,agent,message,First response.
INT-0101171,TCK-005586,2026-07-16T12:02:00Z,customer,message,Initial report.
INT-0101172,TCK-005586,2026-07-16T13:24:00Z,agent,message,First response.
INT-0101173,TCK-005587,2026-07-09T15:01:00Z,customer,message,Initial report.
INT-0101174,TCK-005587,2026-07-09T15:14:00Z,assist,proposal_sent,First response.
INT-0101175,TCK-005588,2026-07-06T08:52:00Z,customer,message,Initial report.
INT-0101176,TCK-005588,2026-07-06T10:15:00Z,agent,message,First response.
INT-0101177,TCK-005589,2026-07-20T14:29:00Z,customer,message,Initial report.
INT-0101178,TCK-005589,2026-07-20T14:58:00Z,assist,proposal_sent,First response.
INT-0101179,TCK-005590,2026-07-02T18:56:00Z,customer,message,Initial report.
INT-0101180,TCK-005590,2026-07-02T22:29:00Z,agent,message,First response.
INT-0101181,TCK-005591,2026-07-01T13:45:00Z,customer,message,Initial report.
INT-0101182,TCK-005591,2026-07-01T15:43:00Z,agent,message,First response.
INT-0101183,TCK-005592,2026-07-23T10:49:00Z,customer,message,Initial report.
INT-0101184,TCK-005592,2026-07-23T11:25:00Z,assist,proposal_sent,First response.
INT-0101185,TCK-005593,2026-07-01T17:47:00Z,customer,message,Initial report.
INT-0101186,TCK-005593,2026-07-01T21:41:00Z,agent,message,First response.
INT-0101187,TCK-005594,2026-07-25T11:05:00Z,customer,message,Initial report.
INT-0101188,TCK-005594,2026-07-25T14:14:00Z,agent,message,First response.
INT-0101189,TCK-005595,2026-07-25T12:59:00Z,customer,message,Initial report.
INT-0101190,TCK-005595,2026-07-25T15:21:00Z,agent,message,First response.
INT-0101191,TCK-005596,2026-07-21T10:01:00Z,customer,message,Initial report.
INT-0101192,TCK-005596,2026-07-21T10:38:00Z,assist,proposal_sent,First response.
INT-0101193,TCK-005597,2026-07-18T12:36:00Z,customer,message,Initial report.
INT-0101194,TCK-005597,2026-07-18T12:53:00Z,assist,proposal_sent,First response.
INT-0101195,TCK-005598,2026-07-03T14:07:00Z,customer,message,Initial report.
INT-0101196,TCK-005598,2026-07-03T16:03:00Z,agent,message,First response.
INT-0101197,TCK-005599,2026-07-09T18:34:00Z,customer,message,Initial report.
INT-0101198,TCK-005599,2026-07-09T19:03:00Z,agent,message,First response.
INT-0101199,TCK-005600,2026-07-21T18:41:00Z,customer,message,Initial report.
INT-0101200,TCK-005600,2026-07-21T21:51:00Z,agent,message,First response.
INT-0101201,TCK-005601,2026-07-08T07:21:00Z,customer,message,Initial report.
INT-0101202,TCK-005601,2026-07-08T09:48:00Z,agent,message,First response.
INT-0101203,TCK-005602,2026-07-14T18:08:00Z,customer,message,Initial report.
INT-0101204,TCK-005602,2026-07-14T19:22:00Z,agent,message,First response.
INT-0101205,TCK-005603,2026-07-24T13:21:00Z,customer,message,Initial report.
INT-0101206,TCK-005603,2026-07-24T14:31:00Z,agent,message,First response.
INT-0101207,TCK-005604,2026-07-01T14:52:00Z,customer,message,Initial report.
INT-0101208,TCK-005604,2026-07-01T15:13:00Z,assist,proposal_sent,First response.
INT-0101209,TCK-005605,2026-07-03T07:19:00Z,customer,message,Initial report.
INT-0101210,TCK-005605,2026-07-03T07:48:00Z,assist,proposal_sent,First response.
INT-0101211,TCK-005606,2026-07-16T08:31:00Z,customer,message,Initial report.
INT-0101212,TCK-005606,2026-07-16T08:43:00Z,assist,proposal_sent,First response.
INT-0101213,TCK-005607,2026-07-16T15:33:00Z,customer,message,Initial report.
INT-0101214,TCK-005607,2026-07-16T16:16:00Z,agent,message,First response.
INT-0101215,TCK-005608,2026-07-11T10:21:00Z,customer,message,Initial report.
INT-0101216,TCK-005608,2026-07-11T11:56:00Z,agent,message,First response.
INT-0101217,TCK-005609,2026-07-15T09:56:00Z,customer,message,Initial report.
INT-0101218,TCK-005609,2026-07-15T10:10:00Z,assist,proposal_sent,First response.
INT-0101219,TCK-005610,2026-07-23T18:17:00Z,customer,message,Initial report.
INT-0101220,TCK-005610,2026-07-23T21:15:00Z,agent,message,First response.
INT-0101221,TCK-005611,2026-07-08T13:51:00Z,customer,message,Initial report.
INT-0101222,TCK-005611,2026-07-08T15:45:00Z,agent,message,First response.
INT-0101223,TCK-005612,2026-07-24T12:21:00Z,customer,message,Initial report.
INT-0101224,TCK-005612,2026-07-24T12:51:00Z,assist,proposal_sent,First response.
INT-0101225,TCK-005613,2026-07-04T09:11:00Z,customer,message,Initial report.
INT-0101226,TCK-005613,2026-07-04T09:50:00Z,assist,proposal_sent,First response.
INT-0101227,TCK-005614,2026-07-14T13:29:00Z,customer,message,Initial report.
INT-0101228,TCK-005614,2026-07-14T13:52:00Z,assist,proposal_sent,First response.
INT-0101229,TCK-005615,2026-07-01T13:23:00Z,customer,message,Initial report.
INT-0101230,TCK-005615,2026-07-01T13:47:00Z,assist,proposal_sent,First response.
INT-0101231,TCK-005616,2026-07-19T07:59:00Z,customer,message,Initial report.
INT-0101232,TCK-005616,2026-07-19T09:02:00Z,agent,message,First response.
INT-0101233,TCK-005617,2026-07-09T16:53:00Z,customer,message,Initial report.
INT-0101234,TCK-005617,2026-07-09T17:32:00Z,assist,proposal_sent,First response.
INT-0101235,TCK-005618,2026-07-24T14:22:00Z,customer,message,Initial report.
INT-0101236,TCK-005618,2026-07-24T14:56:00Z,assist,proposal_sent,First response.
INT-0101237,TCK-005619,2026-07-25T16:17:00Z,customer,message,Initial report.
INT-0101238,TCK-005619,2026-07-25T18:35:00Z,agent,message,First response.
INT-0101239,TCK-005620,2026-07-08T13:56:00Z,customer,message,Initial report.
INT-0101240,TCK-005620,2026-07-08T14:36:00Z,assist,proposal_sent,First response.
INT-0101241,TCK-005621,2026-07-22T11:51:00Z,customer,message,Initial report.
INT-0101242,TCK-005621,2026-07-22T12:14:00Z,assist,proposal_sent,First response.
INT-0101243,TCK-005622,2026-07-16T14:52:00Z,customer,message,Initial report.
INT-0101244,TCK-005622,2026-07-16T20:06:00Z,agent,message,First response.
INT-0101245,TCK-005623,2026-07-05T17:06:00Z,customer,message,Initial report.
INT-0101246,TCK-005623,2026-07-05T17:20:00Z,assist,proposal_sent,First response.
INT-0101247,TCK-005624,2026-07-12T09:28:00Z,customer,message,Initial report.
INT-0101248,TCK-005624,2026-07-12T11:28:00Z,agent,message,First response.
INT-0101249,TCK-005625,2026-07-04T07:54:00Z,customer,message,Initial report.
INT-0101250,TCK-005625,2026-07-04T10:08:00Z,agent,message,First response.
INT-0101251,TCK-005626,2026-07-17T13:30:00Z,customer,message,Initial report.
INT-0101252,TCK-005626,2026-07-17T16:37:00Z,agent,message,First response.
INT-0101253,TCK-005627,2026-07-06T18:47:00Z,customer,message,Initial report.
INT-0101254,TCK-005627,2026-07-06T20:08:00Z,agent,message,First response.
INT-0101255,TCK-005628,2026-07-17T14:25:00Z,customer,message,Initial report.
INT-0101256,TCK-005628,2026-07-17T17:28:00Z,agent,message,First response.
INT-0101257,TCK-005629,2026-07-19T17:24:00Z,customer,message,Initial report.
INT-0101258,TCK-005629,2026-07-19T19:24:00Z,agent,message,First response.
INT-0101259,TCK-005630,2026-07-04T17:38:00Z,customer,message,Initial report.
INT-0101260,TCK-005630,2026-07-04T18:16:00Z,assist,proposal_sent,First response.
INT-0101261,TCK-005631,2026-07-19T08:04:00Z,customer,message,Initial report.
INT-0101262,TCK-005631,2026-07-19T08:28:00Z,assist,proposal_sent,First response.
INT-0101263,TCK-005632,2026-07-19T07:33:00Z,customer,message,Initial report.
INT-0101264,TCK-005632,2026-07-19T09:17:00Z,agent,message,First response.
INT-0101265,TCK-005633,2026-07-06T07:43:00Z,customer,message,Initial report.
INT-0101266,TCK-005633,2026-07-06T07:58:00Z,assist,proposal_sent,First response.
INT-0101267,TCK-005634,2026-07-16T15:12:00Z,customer,message,Initial report.
INT-0101268,TCK-005634,2026-07-16T15:49:00Z,assist,proposal_sent,First response.
INT-0101269,TCK-005635,2026-07-14T15:49:00Z,customer,message,Initial report.
INT-0101270,TCK-005635,2026-07-14T19:09:00Z,agent,message,First response.
INT-0101271,TCK-005636,2026-07-16T09:56:00Z,customer,message,Initial report.
INT-0101272,TCK-005636,2026-07-16T12:48:00Z,agent,message,First response.
INT-0101273,TCK-005637,2026-07-16T08:13:00Z,customer,message,Initial report.
INT-0101274,TCK-005637,2026-07-16T10:53:00Z,agent,message,First response.
INT-0101275,TCK-005638,2026-07-17T16:39:00Z,customer,message,Initial report.
INT-0101276,TCK-005638,2026-07-17T17:03:00Z,assist,proposal_sent,First response.
INT-0101277,TCK-005639,2026-07-14T17:49:00Z,customer,message,Initial report.
INT-0101278,TCK-005639,2026-07-14T18:20:00Z,assist,proposal_sent,First response.
INT-0101279,TCK-005640,2026-07-18T11:55:00Z,customer,message,Initial report.
INT-0101280,TCK-005640,2026-07-18T14:40:00Z,agent,message,First response.
INT-0101281,TCK-005641,2026-07-17T09:16:00Z,customer,message,Initial report.
INT-0101282,TCK-005641,2026-07-17T11:07:00Z,agent,message,First response.
INT-0101283,TCK-005642,2026-07-09T08:51:00Z,customer,message,Initial report.
INT-0101284,TCK-005642,2026-07-09T10:58:00Z,agent,message,First response.
INT-0101285,TCK-005643,2026-07-05T09:25:00Z,customer,message,Initial report.
INT-0101286,TCK-005643,2026-07-05T11:35:00Z,agent,message,First response.
INT-0101287,TCK-005644,2026-07-22T18:51:00Z,customer,message,Initial report.
INT-0101288,TCK-005644,2026-07-22T21:16:00Z,agent,message,First response.
INT-0101289,TCK-005645,2026-07-05T10:39:00Z,customer,message,Initial report.
INT-0101290,TCK-005645,2026-07-05T12:25:00Z,agent,message,First response.
INT-0101291,TCK-005646,2026-07-14T10:24:00Z,customer,message,Initial report.
INT-0101292,TCK-005646,2026-07-14T12:29:00Z,agent,message,First response.
INT-0101293,TCK-005647,2026-07-02T10:43:00Z,customer,message,Initial report.
INT-0101294,TCK-005647,2026-07-02T12:47:00Z,agent,message,First response.
INT-0101295,TCK-005648,2026-07-17T14:48:00Z,customer,message,Initial report.
INT-0101296,TCK-005648,2026-07-17T16:05:00Z,agent,message,First response.
INT-0101297,TCK-005649,2026-07-09T11:20:00Z,customer,message,Initial report.
INT-0101298,TCK-005649,2026-07-09T11:32:00Z,agent,message,First response.
INT-0101299,TCK-005650,2026-07-26T07:40:00Z,customer,message,Initial report.
INT-0101300,TCK-005650,2026-07-26T09:17:00Z,agent,message,First response.
INT-0101301,TCK-005651,2026-07-27T15:43:00Z,customer,message,Initial report.
INT-0101302,TCK-005651,2026-07-27T18:08:00Z,agent,message,First response.
INT-0101303,TCK-005652,2026-07-25T18:58:00Z,customer,message,Initial report.
INT-0101304,TCK-005652,2026-07-25T20:23:00Z,agent,message,First response.
INT-0101305,TCK-005653,2026-07-03T17:32:00Z,customer,message,Initial report.
INT-0101306,TCK-005653,2026-07-03T17:46:00Z,assist,proposal_sent,First response.
INT-0101307,TCK-005654,2026-07-13T14:00:00Z,customer,message,Initial report.
INT-0101308,TCK-005654,2026-07-13T14:12:00Z,agent,message,First response.
INT-0101309,TCK-005655,2026-07-19T11:02:00Z,customer,message,Initial report.
INT-0101310,TCK-005655,2026-07-19T11:42:00Z,assist,proposal_sent,First response.
INT-0101311,TCK-005656,2026-07-16T11:26:00Z,customer,message,Initial report.
INT-0101312,TCK-005656,2026-07-16T11:53:00Z,assist,proposal_sent,First response.
INT-0101313,TCK-005657,2026-07-15T10:04:00Z,customer,message,Initial report.
INT-0101314,TCK-005657,2026-07-15T12:29:00Z,agent,message,First response.
INT-0101315,TCK-005658,2026-07-12T07:50:00Z,customer,message,Initial report.
INT-0101316,TCK-005658,2026-07-12T09:46:00Z,agent,message,First response.
INT-0101317,TCK-005659,2026-07-04T08:54:00Z,customer,message,Initial report.
INT-0101318,TCK-005659,2026-07-04T12:02:00Z,agent,message,First response.
INT-0101319,TCK-005660,2026-07-15T11:23:00Z,customer,message,Initial report.
INT-0101320,TCK-005660,2026-07-15T14:59:00Z,agent,message,First response.
INT-0101321,TCK-005661,2026-07-02T10:08:00Z,customer,message,Initial report.
INT-0101322,TCK-005661,2026-07-02T10:40:00Z,assist,proposal_sent,First response.
INT-0101323,TCK-005662,2026-07-26T11:30:00Z,customer,message,Initial report.
INT-0101324,TCK-005662,2026-07-26T11:50:00Z,assist,proposal_sent,First response.
INT-0101325,TCK-005663,2026-07-02T17:52:00Z,customer,message,Initial report.
INT-0101326,TCK-005663,2026-07-02T19:49:00Z,agent,message,First response.
INT-0101327,TCK-005664,2026-07-10T14:12:00Z,customer,message,Initial report.
INT-0101328,TCK-005664,2026-07-10T14:24:00Z,agent,message,First response.
INT-0101329,TCK-005665,2026-07-22T15:11:00Z,customer,message,Initial report.
INT-0101330,TCK-005665,2026-07-22T16:12:00Z,agent,message,First response.
INT-0101331,TCK-005666,2026-07-23T10:57:00Z,customer,message,Initial report.
INT-0101332,TCK-005666,2026-07-23T12:55:00Z,agent,message,First response.
INT-0101333,TCK-005667,2026-07-12T09:08:00Z,customer,message,Initial report.
INT-0101334,TCK-005667,2026-07-12T12:12:00Z,agent,message,First response.
INT-0101335,TCK-005668,2026-07-06T18:09:00Z,customer,message,Initial report.
INT-0101336,TCK-005668,2026-07-06T18:20:00Z,assist,proposal_sent,First response.
INT-0101337,TCK-005669,2026-07-13T17:31:00Z,customer,message,Initial report.
INT-0101338,TCK-005669,2026-07-13T18:11:00Z,assist,proposal_sent,First response.
INT-0101339,TCK-005670,2026-07-22T11:45:00Z,customer,message,Initial report.
INT-0101340,TCK-005670,2026-07-22T12:25:00Z,assist,proposal_sent,First response.
INT-0101341,TCK-005671,2026-07-12T18:45:00Z,customer,message,Initial report.
INT-0101342,TCK-005671,2026-07-12T20:38:00Z,agent,message,First response.
INT-0101343,TCK-005672,2026-07-16T13:44:00Z,customer,message,Initial report.
INT-0101344,TCK-005672,2026-07-16T14:19:00Z,assist,proposal_sent,First response.
INT-0101345,TCK-005673,2026-07-06T12:36:00Z,customer,message,Initial report.
INT-0101346,TCK-005673,2026-07-06T12:44:00Z,assist,proposal_sent,First response.
INT-0101347,TCK-005674,2026-07-27T12:47:00Z,customer,message,Initial report.
INT-0101348,TCK-005674,2026-07-27T14:14:00Z,agent,message,First response.
INT-0101349,TCK-005675,2026-07-25T08:13:00Z,customer,message,Initial report.
INT-0101350,TCK-005675,2026-07-25T10:34:00Z,agent,message,First response.
INT-0101351,TCK-005676,2026-07-11T08:07:00Z,customer,message,Initial report.
INT-0101352,TCK-005676,2026-07-11T08:39:00Z,agent,message,First response.
INT-0101353,TCK-005677,2026-07-04T09:14:00Z,customer,message,Initial report.
INT-0101354,TCK-005677,2026-07-04T12:02:00Z,agent,message,First response.
INT-0101355,TCK-005678,2026-07-26T12:56:00Z,customer,message,Initial report.
INT-0101356,TCK-005678,2026-07-26T14:47:00Z,agent,message,First response.
INT-0101357,TCK-005679,2026-07-10T08:58:00Z,customer,message,Initial report.
INT-0101358,TCK-005679,2026-07-10T09:36:00Z,assist,proposal_sent,First response.
INT-0101359,TCK-005680,2026-07-06T16:36:00Z,customer,message,Initial report.
INT-0101360,TCK-005680,2026-07-06T16:53:00Z,assist,proposal_sent,First response.
INT-0101361,TCK-005681,2026-07-21T10:48:00Z,customer,message,Initial report.
INT-0101362,TCK-005681,2026-07-21T13:10:00Z,agent,message,First response.
INT-0101363,TCK-005682,2026-07-20T18:31:00Z,customer,message,Initial report.
INT-0101364,TCK-005682,2026-07-20T20:06:00Z,agent,message,First response.
INT-0101365,TCK-005683,2026-07-15T15:18:00Z,customer,message,Initial report.
INT-0101366,TCK-005683,2026-07-15T15:30:00Z,agent,message,First response.
INT-0101367,TCK-005684,2026-07-10T18:36:00Z,customer,message,Initial report.
INT-0101368,TCK-005684,2026-07-10T19:49:00Z,agent,message,First response.
INT-0101369,TCK-005685,2026-07-17T12:01:00Z,customer,message,Initial report.
INT-0101370,TCK-005685,2026-07-17T12:23:00Z,assist,proposal_sent,First response.
INT-0101371,TCK-005686,2026-07-06T09:29:00Z,customer,message,Initial report.
INT-0101372,TCK-005686,2026-07-06T09:54:00Z,assist,proposal_sent,First response.
INT-0101373,TCK-005687,2026-07-26T09:59:00Z,customer,message,Initial report.
INT-0101374,TCK-005687,2026-07-26T12:14:00Z,agent,message,First response.
INT-0101375,TCK-005688,2026-07-04T13:55:00Z,customer,message,Initial report.
INT-0101376,TCK-005688,2026-07-04T14:28:00Z,assist,proposal_sent,First response.
INT-0101377,TCK-005689,2026-07-17T13:23:00Z,customer,message,Initial report.
INT-0101378,TCK-005689,2026-07-17T15:45:00Z,agent,message,First response.
INT-0101379,TCK-005690,2026-07-05T16:38:00Z,customer,message,Initial report.
INT-0101380,TCK-005690,2026-07-05T16:57:00Z,assist,proposal_sent,First response.
INT-0101381,TCK-005691,2026-07-26T11:04:00Z,customer,message,Initial report.
INT-0101382,TCK-005691,2026-07-26T11:25:00Z,assist,proposal_sent,First response.
INT-0101383,TCK-005692,2026-07-15T09:21:00Z,customer,message,Initial report.
INT-0101384,TCK-005692,2026-07-15T11:06:00Z,agent,message,First response.
INT-0101385,TCK-005693,2026-07-09T15:46:00Z,customer,message,Initial report.
INT-0101386,TCK-005693,2026-07-09T18:52:00Z,agent,message,First response.
INT-0101387,TCK-005694,2026-07-03T17:41:00Z,customer,message,Initial report.
INT-0101388,TCK-005694,2026-07-03T19:57:00Z,agent,message,First response.
INT-0101389,TCK-005695,2026-07-11T17:49:00Z,customer,message,Initial report.
INT-0101390,TCK-005695,2026-07-11T19:32:00Z,agent,message,First response.
INT-0101391,TCK-005696,2026-07-16T10:09:00Z,customer,message,Initial report.
INT-0101392,TCK-005696,2026-07-16T10:21:00Z,agent,message,First response.
INT-0101393,TCK-005697,2026-07-02T15:52:00Z,customer,message,Initial report.
INT-0101394,TCK-005697,2026-07-02T16:12:00Z,agent,message,First response.
INT-0101395,TCK-005698,2026-07-25T10:21:00Z,customer,message,Initial report.
INT-0101396,TCK-005698,2026-07-25T11:05:00Z,agent,message,First response.
INT-0101397,TCK-005699,2026-07-12T07:07:00Z,customer,message,Initial report.
INT-0101398,TCK-005699,2026-07-12T07:57:00Z,agent,message,First response.
INT-0101399,TCK-005700,2026-07-06T11:33:00Z,customer,message,Initial report.
INT-0101400,TCK-005700,2026-07-06T14:20:00Z,agent,message,First response.
INT-0101401,TCK-005701,2026-07-09T12:15:00Z,customer,message,Initial report.
INT-0101402,TCK-005701,2026-07-09T13:46:00Z,agent,message,First response.
INT-0101403,TCK-005702,2026-07-17T11:34:00Z,customer,message,Initial report.
INT-0101404,TCK-005702,2026-07-17T15:13:00Z,agent,message,First response.
INT-0101405,TCK-005703,2026-07-21T07:44:00Z,customer,message,Initial report.
INT-0101406,TCK-005703,2026-07-21T08:08:00Z,agent,message,First response.
INT-0101407,TCK-005704,2026-07-10T17:13:00Z,customer,message,Initial report.
INT-0101408,TCK-005704,2026-07-10T19:17:00Z,agent,message,First response.
INT-0101409,TCK-005705,2026-07-24T17:32:00Z,customer,message,Initial report.
INT-0101410,TCK-005705,2026-07-24T19:07:00Z,agent,message,First response.
INT-0101411,TCK-005706,2026-07-20T07:44:00Z,customer,message,Initial report.
INT-0101412,TCK-005706,2026-07-20T08:24:00Z,assist,proposal_sent,First response.
INT-0101413,TCK-005707,2026-07-02T18:07:00Z,customer,message,Initial report.
INT-0101414,TCK-005707,2026-07-02T18:42:00Z,assist,proposal_sent,First response.
INT-0101415,TCK-005708,2026-07-15T08:31:00Z,customer,message,Initial report.
INT-0101416,TCK-005708,2026-07-15T09:02:00Z,assist,proposal_sent,First response.
INT-0101417,TCK-005709,2026-07-02T17:51:00Z,customer,message,Initial report.
INT-0101418,TCK-005709,2026-07-02T18:16:00Z,assist,proposal_sent,First response.
INT-0101419,TCK-005710,2026-07-06T17:03:00Z,customer,message,Initial report.
INT-0101420,TCK-005710,2026-07-06T19:13:00Z,agent,message,First response.
INT-0101421,TCK-005711,2026-07-08T17:51:00Z,customer,message,Initial report.
INT-0101422,TCK-005711,2026-07-08T18:14:00Z,assist,proposal_sent,First response.
INT-0101423,TCK-005712,2026-07-12T14:26:00Z,customer,message,Initial report.
INT-0101424,TCK-005712,2026-07-12T16:09:00Z,agent,message,First response.
INT-0101425,TCK-005713,2026-07-25T13:43:00Z,customer,message,Initial report.
INT-0101426,TCK-005713,2026-07-25T16:40:00Z,agent,message,First response.
INT-0101427,TCK-005714,2026-07-10T11:15:00Z,customer,message,Initial report.
INT-0101428,TCK-005714,2026-07-10T12:35:00Z,agent,message,First response.
INT-0101429,TCK-005715,2026-07-07T14:35:00Z,customer,message,Initial report.
INT-0101430,TCK-005715,2026-07-07T14:51:00Z,assist,proposal_sent,First response.
INT-0101431,TCK-005716,2026-07-13T09:03:00Z,customer,message,Initial report.
INT-0101432,TCK-005716,2026-07-13T09:21:00Z,assist,proposal_sent,First response.
INT-0101433,TCK-005717,2026-07-13T10:48:00Z,customer,message,Initial report.
INT-0101434,TCK-005717,2026-07-13T14:19:00Z,agent,message,First response.
INT-0101435,TCK-005718,2026-07-11T14:44:00Z,customer,message,Initial report.
INT-0101436,TCK-005718,2026-07-11T16:13:00Z,agent,message,First response.
INT-0101437,TCK-005719,2026-07-11T17:18:00Z,customer,message,Initial report.
INT-0101438,TCK-005719,2026-07-11T18:42:00Z,agent,message,First response.
INT-0101439,TCK-005720,2026-07-02T16:50:00Z,customer,message,Initial report.
INT-0101440,TCK-005720,2026-07-02T17:24:00Z,assist,proposal_sent,First response.
INT-0101441,TCK-005721,2026-07-02T10:29:00Z,customer,message,Initial report.
INT-0101442,TCK-005721,2026-07-02T12:57:00Z,agent,message,First response.
INT-0101443,TCK-005722,2026-07-14T14:30:00Z,customer,message,Initial report.
INT-0101444,TCK-005722,2026-07-14T16:12:00Z,agent,message,First response.
INT-0101445,TCK-005723,2026-07-22T10:18:00Z,customer,message,Initial report.
INT-0101446,TCK-005723,2026-07-22T12:46:00Z,agent,message,First response.
INT-0101447,TCK-005724,2026-07-05T12:29:00Z,customer,message,Initial report.
INT-0101448,TCK-005724,2026-07-05T13:18:00Z,agent,message,First response.
INT-0101449,TCK-005725,2026-07-03T15:08:00Z,customer,message,Initial report.
INT-0101450,TCK-005725,2026-07-03T15:55:00Z,agent,message,First response.
INT-0101451,TCK-005726,2026-07-02T16:49:00Z,customer,message,Initial report.
INT-0101452,TCK-005726,2026-07-02T18:36:00Z,agent,message,First response.
INT-0101453,TCK-005727,2026-07-08T12:42:00Z,customer,message,Initial report.
INT-0101454,TCK-005727,2026-07-08T14:00:00Z,agent,message,First response.
INT-0101455,TCK-005728,2026-07-04T11:11:00Z,customer,message,Initial report.
INT-0101456,TCK-005728,2026-07-04T14:04:00Z,agent,message,First response.
INT-0101457,TCK-005729,2026-07-21T17:04:00Z,customer,message,Initial report.
INT-0101458,TCK-005729,2026-07-21T17:43:00Z,assist,proposal_sent,First response.
INT-0101459,TCK-005730,2026-07-18T14:01:00Z,customer,message,Initial report.
INT-0101460,TCK-005730,2026-07-18T14:27:00Z,assist,proposal_sent,First response.
INT-0101461,TCK-005731,2026-07-18T15:37:00Z,customer,message,Initial report.
INT-0101462,TCK-005731,2026-07-18T16:57:00Z,agent,message,First response.
INT-0101463,TCK-005732,2026-07-20T09:45:00Z,customer,message,Initial report.
INT-0101464,TCK-005732,2026-07-20T11:27:00Z,agent,message,First response.
INT-0101465,TCK-005733,2026-07-18T14:28:00Z,customer,message,Initial report.
INT-0101466,TCK-005733,2026-07-18T14:43:00Z,assist,proposal_sent,First response.
INT-0101467,TCK-005734,2026-07-07T15:06:00Z,customer,message,Initial report.
INT-0101468,TCK-005734,2026-07-07T16:50:00Z,agent,message,First response.
INT-0101469,TCK-005735,2026-07-15T09:45:00Z,customer,message,Initial report.
INT-0101470,TCK-005735,2026-07-15T12:45:00Z,agent,message,First response.
INT-0101471,TCK-005736,2026-07-05T08:12:00Z,customer,message,Initial report.
INT-0101472,TCK-005736,2026-07-05T08:24:00Z,agent,message,First response.
INT-0101473,TCK-005737,2026-07-10T17:46:00Z,customer,message,Initial report.
INT-0101474,TCK-005737,2026-07-10T20:32:00Z,agent,message,First response.
INT-0101475,TCK-005738,2026-07-23T10:49:00Z,customer,message,Initial report.
INT-0101476,TCK-005738,2026-07-23T11:16:00Z,assist,proposal_sent,First response.
INT-0101477,TCK-005739,2026-07-01T08:40:00Z,customer,message,Initial report.
INT-0101478,TCK-005739,2026-07-01T11:06:00Z,agent,message,First response.
INT-0101479,TCK-005740,2026-07-13T18:34:00Z,customer,message,Initial report.
INT-0101480,TCK-005740,2026-07-13T20:24:00Z,agent,message,First response.
INT-0101481,TCK-005741,2026-07-20T07:45:00Z,customer,message,Initial report.
INT-0101482,TCK-005741,2026-07-20T08:51:00Z,agent,message,First response.
INT-0101483,TCK-005742,2026-07-24T13:37:00Z,customer,message,Initial report.
INT-0101484,TCK-005742,2026-07-24T13:46:00Z,assist,proposal_sent,First response.
INT-0101485,TCK-005743,2026-07-24T17:03:00Z,customer,message,Initial report.
INT-0101486,TCK-005743,2026-07-24T18:31:00Z,agent,message,First response.
INT-0101487,TCK-005744,2026-07-02T14:09:00Z,customer,message,Initial report.
INT-0101488,TCK-005744,2026-07-02T14:44:00Z,assist,proposal_sent,First response.
INT-0101489,TCK-005745,2026-07-12T08:51:00Z,customer,message,Initial report.
INT-0101490,TCK-005745,2026-07-12T09:29:00Z,assist,proposal_sent,First response.
INT-0101491,TCK-005746,2026-07-20T10:18:00Z,customer,message,Initial report.
INT-0101492,TCK-005746,2026-07-20T11:27:00Z,agent,message,First response.
INT-0101493,TCK-005747,2026-07-07T10:46:00Z,customer,message,Initial report.
INT-0101494,TCK-005747,2026-07-07T11:03:00Z,assist,proposal_sent,First response.
INT-0101495,TCK-005748,2026-07-03T18:37:00Z,customer,message,Initial report.
INT-0101496,TCK-005748,2026-07-03T19:47:00Z,agent,message,First response.
INT-0101497,TCK-005749,2026-07-08T09:22:00Z,customer,message,Initial report.
INT-0101498,TCK-005749,2026-07-08T12:14:00Z,agent,message,First response.
INT-0101499,TCK-005750,2026-07-08T07:26:00Z,customer,message,Initial report.
INT-0101500,TCK-005750,2026-07-08T08:49:00Z,agent,message,First response.
INT-0101501,TCK-005751,2026-07-08T11:34:00Z,customer,message,Initial report.
INT-0101502,TCK-005751,2026-07-08T14:24:00Z,agent,message,First response.
INT-0101503,TCK-005752,2026-07-22T12:23:00Z,customer,message,Initial report.
INT-0101504,TCK-005752,2026-07-22T16:05:00Z,agent,message,First response.
INT-0101505,TCK-005753,2026-07-06T11:15:00Z,customer,message,Initial report.
INT-0101506,TCK-005753,2026-07-06T11:47:00Z,assist,proposal_sent,First response.
INT-0101507,TCK-005754,2026-07-08T10:47:00Z,customer,message,Initial report.
INT-0101508,TCK-005754,2026-07-08T11:27:00Z,assist,proposal_sent,First response.
INT-0101509,TCK-005755,2026-07-12T16:52:00Z,customer,message,Initial report.
INT-0101510,TCK-005755,2026-07-12T17:29:00Z,assist,proposal_sent,First response.
INT-0101511,TCK-005756,2026-07-26T07:20:00Z,customer,message,Initial report.
INT-0101512,TCK-005756,2026-07-26T10:03:00Z,agent,message,First response.
INT-0101513,TCK-005757,2026-07-19T11:54:00Z,customer,message,Initial report.
INT-0101514,TCK-005757,2026-07-19T12:21:00Z,assist,proposal_sent,First response.
INT-0101515,TCK-005758,2026-07-14T13:31:00Z,customer,message,Initial report.
INT-0101516,TCK-005758,2026-07-14T18:10:00Z,agent,message,First response.
INT-0101517,TCK-005759,2026-07-19T09:26:00Z,customer,message,Initial report.
INT-0101518,TCK-005759,2026-07-19T09:37:00Z,assist,proposal_sent,First response.
INT-0101519,TCK-005760,2026-07-25T17:03:00Z,customer,message,Initial report.
INT-0101520,TCK-005760,2026-07-25T17:42:00Z,agent,message,First response.
INT-0101521,TCK-005761,2026-07-06T10:20:00Z,customer,message,Initial report.
INT-0101522,TCK-005761,2026-07-06T10:34:00Z,assist,proposal_sent,First response.
INT-0101523,TCK-005762,2026-07-23T07:00:00Z,customer,message,Initial report.
INT-0101524,TCK-005762,2026-07-23T07:30:00Z,assist,proposal_sent,First response.
INT-0101525,TCK-005763,2026-07-15T10:23:00Z,customer,message,Initial report.
INT-0101526,TCK-005763,2026-07-15T12:25:00Z,agent,message,First response.
INT-0101527,TCK-005764,2026-07-12T15:49:00Z,customer,message,Initial report.
INT-0101528,TCK-005764,2026-07-12T16:19:00Z,assist,proposal_sent,First response.
INT-0101529,TCK-005765,2026-07-17T15:05:00Z,customer,message,Initial report.
INT-0101530,TCK-005765,2026-07-17T15:14:00Z,assist,proposal_sent,First response.
INT-0101531,TCK-005766,2026-07-24T12:00:00Z,customer,message,Initial report.
INT-0101532,TCK-005766,2026-07-24T12:53:00Z,agent,message,First response.
INT-0101533,TCK-005767,2026-07-11T15:24:00Z,customer,message,Initial report.
INT-0101534,TCK-005767,2026-07-11T16:36:00Z,agent,message,First response.
INT-0101535,TCK-005768,2026-07-24T17:04:00Z,customer,message,Initial report.
INT-0101536,TCK-005768,2026-07-24T19:18:00Z,agent,message,First response.
INT-0101537,TCK-005769,2026-07-16T12:50:00Z,customer,message,Initial report.
INT-0101538,TCK-005769,2026-07-16T14:30:00Z,agent,message,First response.
INT-0101539,TCK-005770,2026-07-26T07:41:00Z,customer,message,Initial report.
INT-0101540,TCK-005770,2026-07-26T09:19:00Z,agent,message,First response.
INT-0101541,TCK-005771,2026-07-24T13:57:00Z,customer,message,Initial report.
INT-0101542,TCK-005771,2026-07-24T15:42:00Z,agent,message,First response.
INT-0101543,TCK-005772,2026-07-23T13:24:00Z,customer,message,Initial report.
INT-0101544,TCK-005772,2026-07-23T15:35:00Z,agent,message,First response.
INT-0101545,TCK-005773,2026-07-26T11:20:00Z,customer,message,Initial report.
INT-0101546,TCK-005773,2026-07-26T11:52:00Z,assist,proposal_sent,First response.
INT-0101547,TCK-005774,2026-07-06T12:28:00Z,customer,message,Initial report.
INT-0101548,TCK-005774,2026-07-06T12:57:00Z,assist,proposal_sent,First response.
INT-0101549,TCK-005775,2026-07-14T18:20:00Z,customer,message,Initial report.
INT-0101550,TCK-005775,2026-07-14T18:38:00Z,assist,proposal_sent,First response.
INT-0101551,TCK-005776,2026-07-19T16:11:00Z,customer,message,Initial report.
INT-0101552,TCK-005776,2026-07-19T18:11:00Z,agent,message,First response.
INT-0101553,TCK-005777,2026-07-18T15:14:00Z,customer,message,Initial report.
INT-0101554,TCK-005777,2026-07-18T15:26:00Z,agent,message,First response.
INT-0101555,TCK-005778,2026-07-13T12:55:00Z,customer,message,Initial report.
INT-0101556,TCK-005778,2026-07-13T15:45:00Z,agent,message,First response.
INT-0101557,TCK-005779,2026-07-16T07:18:00Z,customer,message,Initial report.
INT-0101558,TCK-005779,2026-07-16T07:38:00Z,assist,proposal_sent,First response.
INT-0101559,TCK-005780,2026-07-10T17:15:00Z,customer,message,Initial report.
INT-0101560,TCK-005780,2026-07-10T18:28:00Z,agent,message,First response.
INT-0101561,TCK-005781,2026-07-21T13:03:00Z,customer,message,Initial report.
INT-0101562,TCK-005781,2026-07-21T14:35:00Z,agent,message,First response.
INT-0101563,TCK-005782,2026-07-04T08:22:00Z,customer,message,Initial report.
INT-0101564,TCK-005782,2026-07-04T10:27:00Z,agent,message,First response.
INT-0101565,TCK-005783,2026-07-07T11:26:00Z,customer,message,Initial report.
INT-0101566,TCK-005783,2026-07-07T11:55:00Z,assist,proposal_sent,First response.
INT-0101567,TCK-005784,2026-07-17T09:45:00Z,customer,message,Initial report.
INT-0101568,TCK-005784,2026-07-17T12:50:00Z,agent,message,First response.
INT-0101569,TCK-005785,2026-07-17T11:41:00Z,customer,message,Initial report.
INT-0101570,TCK-005785,2026-07-17T12:37:00Z,agent,message,First response.
INT-0101571,TCK-005786,2026-07-05T16:08:00Z,customer,message,Initial report.
INT-0101572,TCK-005786,2026-07-05T16:38:00Z,assist,proposal_sent,First response.
INT-0101573,TCK-005787,2026-07-23T16:46:00Z,customer,message,Initial report.
INT-0101574,TCK-005787,2026-07-23T17:53:00Z,agent,message,First response.
INT-0101575,TCK-005788,2026-07-12T18:23:00Z,customer,message,Initial report.
INT-0101576,TCK-005788,2026-07-12T21:04:00Z,agent,message,First response.
INT-0101577,TCK-005789,2026-07-01T09:19:00Z,customer,message,Initial report.
INT-0101578,TCK-005789,2026-07-01T10:18:00Z,agent,message,First response.
INT-0101579,TCK-005790,2026-07-27T14:08:00Z,customer,message,Initial report.
INT-0101580,TCK-005790,2026-07-27T14:44:00Z,assist,proposal_sent,First response.
INT-0101581,TCK-005791,2026-07-09T10:15:00Z,customer,message,Initial report.
INT-0101582,TCK-005791,2026-07-09T10:52:00Z,assist,proposal_sent,First response.
INT-0101583,TCK-005792,2026-07-12T12:04:00Z,customer,message,Initial report.
INT-0101584,TCK-005792,2026-07-12T14:00:00Z,agent,message,First response.
INT-0101585,TCK-005793,2026-07-13T18:19:00Z,customer,message,Initial report.
INT-0101586,TCK-005793,2026-07-13T20:22:00Z,agent,message,First response.
INT-0101587,TCK-005794,2026-07-26T17:22:00Z,customer,message,Initial report.
INT-0101588,TCK-005794,2026-07-26T19:25:00Z,agent,message,First response.
INT-0101589,TCK-005795,2026-07-18T08:39:00Z,customer,message,Initial report.
INT-0101590,TCK-005795,2026-07-18T09:51:00Z,agent,message,First response.
INT-0101591,TCK-005796,2026-07-04T17:38:00Z,customer,message,Initial report.
INT-0101592,TCK-005796,2026-07-04T18:32:00Z,agent,message,First response.
INT-0101593,TCK-005797,2026-07-01T18:17:00Z,customer,message,Initial report.
INT-0101594,TCK-005797,2026-07-01T20:09:00Z,agent,message,First response.
INT-0101595,TCK-005798,2026-07-21T12:41:00Z,customer,message,Initial report.
INT-0101596,TCK-005798,2026-07-21T14:58:00Z,agent,message,First response.
INT-0101597,TCK-005799,2026-07-09T12:41:00Z,customer,message,Initial report.
INT-0101598,TCK-005799,2026-07-09T13:31:00Z,agent,message,First response.
INT-0101599,TCK-005800,2026-07-19T09:29:00Z,customer,message,Initial report.
INT-0101600,TCK-005800,2026-07-19T12:22:00Z,agent,message,First response.
INT-0101601,TCK-005801,2026-07-16T17:02:00Z,customer,message,Initial report.
INT-0101602,TCK-005801,2026-07-16T20:09:00Z,agent,message,First response.
INT-0101603,TCK-005802,2026-07-25T15:17:00Z,customer,message,Initial report.
INT-0101604,TCK-005802,2026-07-25T16:43:00Z,agent,message,First response.
INT-0101605,TCK-005803,2026-07-07T07:36:00Z,customer,message,Initial report.
INT-0101606,TCK-005803,2026-07-07T10:14:00Z,agent,message,First response.
INT-0101607,TCK-005804,2026-07-22T13:59:00Z,customer,message,Initial report.
INT-0101608,TCK-005804,2026-07-22T16:40:00Z,agent,message,First response.
INT-0101609,TCK-005805,2026-07-01T12:23:00Z,customer,message,Initial report.
INT-0101610,TCK-005805,2026-07-01T13:32:00Z,agent,message,First response.
INT-0101611,TCK-005806,2026-07-24T13:47:00Z,customer,message,Initial report.
INT-0101612,TCK-005806,2026-07-24T16:14:00Z,agent,message,First response.
INT-0101613,TCK-005807,2026-07-22T07:06:00Z,customer,message,Initial report.
INT-0101614,TCK-005807,2026-07-22T08:28:00Z,agent,message,First response.
INT-0101615,TCK-005808,2026-07-06T13:54:00Z,customer,message,Initial report.
INT-0101616,TCK-005808,2026-07-06T15:45:00Z,agent,message,First response.
INT-0101617,TCK-005809,2026-07-27T08:56:00Z,customer,message,Initial report.
INT-0101618,TCK-005809,2026-07-27T10:29:00Z,agent,message,First response.
INT-0101619,TCK-005810,2026-07-25T14:40:00Z,customer,message,Initial report.
INT-0101620,TCK-005810,2026-07-25T18:03:00Z,agent,message,First response.
INT-0101621,TCK-005811,2026-07-21T07:02:00Z,customer,message,Initial report.
INT-0101622,TCK-005811,2026-07-21T07:15:00Z,agent,message,First response.
INT-0101623,TCK-005812,2026-07-15T17:22:00Z,customer,message,Initial report.
INT-0101624,TCK-005812,2026-07-15T19:09:00Z,agent,message,First response.
INT-0101625,TCK-005813,2026-07-04T11:26:00Z,customer,message,Initial report.
INT-0101626,TCK-005813,2026-07-04T12:57:00Z,agent,message,First response.
INT-0101627,TCK-005814,2026-07-08T08:28:00Z,customer,message,Initial report.
INT-0101628,TCK-005814,2026-07-08T09:25:00Z,agent,message,First response.
INT-0101629,TCK-005815,2026-07-26T18:56:00Z,customer,message,Initial report.
INT-0101630,TCK-005815,2026-07-26T21:25:00Z,agent,message,First response.
INT-0101631,TCK-005816,2026-07-09T11:44:00Z,customer,message,Initial report.
INT-0101632,TCK-005816,2026-07-09T11:57:00Z,agent,message,First response.
INT-0101633,TCK-005817,2026-08-17T13:36:00Z,customer,message,Initial report.
INT-0101634,TCK-005817,2026-08-17T13:50:00Z,assist,proposal_sent,First response.
INT-0101635,TCK-005818,2026-08-26T18:57:00Z,customer,message,Initial report.
INT-0101636,TCK-005818,2026-08-26T19:38:00Z,agent,message,First response.
INT-0101637,TCK-005819,2026-08-13T18:42:00Z,customer,message,Initial report.
INT-0101638,TCK-005819,2026-08-13T19:52:00Z,agent,message,First response.
INT-0101639,TCK-005820,2026-08-21T11:17:00Z,customer,message,Initial report.
INT-0101640,TCK-005820,2026-08-21T12:23:00Z,agent,message,First response.
INT-0101641,TCK-005821,2026-08-14T11:20:00Z,customer,message,Initial report.
INT-0101642,TCK-005821,2026-08-14T11:52:00Z,assist,proposal_sent,First response.
INT-0101643,TCK-005822,2026-08-15T18:12:00Z,customer,message,Initial report.
INT-0101644,TCK-005822,2026-08-15T19:26:00Z,agent,message,First response.
INT-0101645,TCK-005823,2026-08-07T16:55:00Z,customer,message,Initial report.
INT-0101646,TCK-005823,2026-08-07T18:35:00Z,agent,message,First response.
INT-0101647,TCK-005824,2026-08-26T16:13:00Z,customer,message,Initial report.
INT-0101648,TCK-005824,2026-08-26T16:31:00Z,assist,proposal_sent,First response.
INT-0101649,TCK-005825,2026-08-11T17:45:00Z,customer,message,Initial report.
INT-0101650,TCK-005825,2026-08-11T18:53:00Z,agent,message,First response.
INT-0101651,TCK-005826,2026-08-02T15:51:00Z,customer,message,Initial report.
INT-0101652,TCK-005826,2026-08-02T18:15:00Z,agent,message,First response.
INT-0101653,TCK-005827,2026-08-13T11:30:00Z,customer,message,Initial report.
INT-0101654,TCK-005827,2026-08-13T11:58:00Z,assist,proposal_sent,First response.
INT-0101655,TCK-005828,2026-08-11T08:21:00Z,customer,message,Initial report.
INT-0101656,TCK-005828,2026-08-11T08:39:00Z,assist,proposal_sent,First response.
INT-0101657,TCK-005829,2026-08-18T09:06:00Z,customer,message,Initial report.
INT-0101658,TCK-005829,2026-08-18T09:28:00Z,assist,proposal_sent,First response.
INT-0101659,TCK-005830,2026-08-07T16:38:00Z,customer,message,Initial report.
INT-0101660,TCK-005830,2026-08-07T17:14:00Z,assist,proposal_sent,First response.
INT-0101661,TCK-005831,2026-08-19T14:11:00Z,customer,message,Initial report.
INT-0101662,TCK-005831,2026-08-19T16:14:00Z,agent,message,First response.
INT-0101663,TCK-005832,2026-08-23T07:42:00Z,customer,message,Initial report.
INT-0101664,TCK-005832,2026-08-23T09:21:00Z,agent,message,First response.
INT-0101665,TCK-005833,2026-08-17T17:43:00Z,customer,message,Initial report.
INT-0101666,TCK-005833,2026-08-17T19:36:00Z,agent,message,First response.
INT-0101667,TCK-005834,2026-08-14T13:00:00Z,customer,message,Initial report.
INT-0101668,TCK-005834,2026-08-14T14:07:00Z,agent,message,First response.
INT-0101669,TCK-005835,2026-08-03T08:53:00Z,customer,message,Initial report.
INT-0101670,TCK-005835,2026-08-03T10:31:00Z,agent,message,First response.
INT-0101671,TCK-005836,2026-08-08T15:34:00Z,customer,message,Initial report.
INT-0101672,TCK-005836,2026-08-08T15:53:00Z,assist,proposal_sent,First response.
INT-0101673,TCK-005837,2026-08-27T18:37:00Z,customer,message,Initial report.
INT-0101674,TCK-005837,2026-08-27T19:18:00Z,agent,message,First response.
INT-0101675,TCK-005838,2026-08-03T14:00:00Z,customer,message,Initial report.
INT-0101676,TCK-005838,2026-08-03T14:25:00Z,assist,proposal_sent,First response.
INT-0101677,TCK-005839,2026-08-10T15:04:00Z,customer,message,Initial report.
INT-0101678,TCK-005839,2026-08-10T18:28:00Z,agent,message,First response.
INT-0101679,TCK-005840,2026-08-09T11:31:00Z,customer,message,Initial report.
INT-0101680,TCK-005840,2026-08-09T11:48:00Z,agent,message,First response.
INT-0101681,TCK-005841,2026-08-22T16:54:00Z,customer,message,Initial report.
INT-0101682,TCK-005841,2026-08-22T17:22:00Z,assist,proposal_sent,First response.
INT-0101683,TCK-005842,2026-08-20T17:16:00Z,customer,message,Initial report.
INT-0101684,TCK-005842,2026-08-20T19:09:00Z,agent,message,First response.
INT-0101685,TCK-005843,2026-08-07T18:30:00Z,customer,message,Initial report.
INT-0101686,TCK-005843,2026-08-07T20:57:00Z,agent,message,First response.
INT-0101687,TCK-005844,2026-08-02T10:33:00Z,customer,message,Initial report.
INT-0101688,TCK-005844,2026-08-02T10:58:00Z,agent,message,First response.
INT-0101689,TCK-005845,2026-08-26T12:41:00Z,customer,message,Initial report.
INT-0101690,TCK-005845,2026-08-26T14:29:00Z,agent,message,First response.
INT-0101691,TCK-005846,2026-08-07T13:13:00Z,customer,message,Initial report.
INT-0101692,TCK-005846,2026-08-07T13:24:00Z,assist,proposal_sent,First response.
INT-0101693,TCK-005847,2026-08-04T16:18:00Z,customer,message,Initial report.
INT-0101694,TCK-005847,2026-08-04T16:42:00Z,assist,proposal_sent,First response.
INT-0101695,TCK-005848,2026-08-20T12:25:00Z,customer,message,Initial report.
INT-0101696,TCK-005848,2026-08-20T12:49:00Z,assist,proposal_sent,First response.
INT-0101697,TCK-005849,2026-08-12T16:00:00Z,customer,message,Initial report.
INT-0101698,TCK-005849,2026-08-12T16:24:00Z,assist,proposal_sent,First response.
INT-0101699,TCK-005850,2026-08-22T14:35:00Z,customer,message,Initial report.
INT-0101700,TCK-005850,2026-08-22T15:03:00Z,assist,proposal_sent,First response.
INT-0101701,TCK-005851,2026-08-21T16:24:00Z,customer,message,Initial report.
INT-0101702,TCK-005851,2026-08-21T17:54:00Z,agent,message,First response.
INT-0101703,TCK-005852,2026-08-02T08:05:00Z,customer,message,Initial report.
INT-0101704,TCK-005852,2026-08-02T08:32:00Z,assist,proposal_sent,First response.
INT-0101705,TCK-005853,2026-08-16T15:46:00Z,customer,message,Initial report.
INT-0101706,TCK-005853,2026-08-16T17:05:00Z,agent,message,First response.
INT-0101707,TCK-005854,2026-08-14T07:25:00Z,customer,message,Initial report.
INT-0101708,TCK-005854,2026-08-14T07:42:00Z,assist,proposal_sent,First response.
INT-0101709,TCK-005855,2026-08-19T08:17:00Z,customer,message,Initial report.
INT-0101710,TCK-005855,2026-08-19T08:43:00Z,assist,proposal_sent,First response.
INT-0101711,TCK-005856,2026-08-27T17:48:00Z,customer,message,Initial report.
INT-0101712,TCK-005856,2026-08-27T17:56:00Z,assist,proposal_sent,First response.
INT-0101713,TCK-005857,2026-08-19T12:59:00Z,customer,message,Initial report.
INT-0101714,TCK-005857,2026-08-19T13:15:00Z,assist,proposal_sent,First response.
INT-0101715,TCK-005858,2026-08-22T09:48:00Z,customer,message,Initial report.
INT-0101716,TCK-005858,2026-08-22T10:03:00Z,assist,proposal_sent,First response.
INT-0101717,TCK-005859,2026-08-11T15:32:00Z,customer,message,Initial report.
INT-0101718,TCK-005859,2026-08-11T17:53:00Z,agent,message,First response.
INT-0101719,TCK-005860,2026-08-25T07:36:00Z,customer,message,Initial report.
INT-0101720,TCK-005860,2026-08-25T11:09:00Z,agent,message,First response.
INT-0101721,TCK-005861,2026-08-03T14:54:00Z,customer,message,Initial report.
INT-0101722,TCK-005861,2026-08-03T17:14:00Z,agent,message,First response.
INT-0101723,TCK-005862,2026-08-08T15:42:00Z,customer,message,Initial report.
INT-0101724,TCK-005862,2026-08-08T16:19:00Z,assist,proposal_sent,First response.
INT-0101725,TCK-005863,2026-08-27T15:09:00Z,customer,message,Initial report.
INT-0101726,TCK-005863,2026-08-27T16:52:00Z,agent,message,First response.
INT-0101727,TCK-005864,2026-08-22T12:13:00Z,customer,message,Initial report.
INT-0101728,TCK-005864,2026-08-22T14:37:00Z,agent,message,First response.
INT-0101729,TCK-005865,2026-08-20T11:48:00Z,customer,message,Initial report.
INT-0101730,TCK-005865,2026-08-20T12:24:00Z,assist,proposal_sent,First response.
INT-0101731,TCK-005866,2026-08-11T13:12:00Z,customer,message,Initial report.
INT-0101732,TCK-005866,2026-08-11T14:36:00Z,agent,message,First response.
INT-0101733,TCK-005867,2026-08-27T13:02:00Z,customer,message,Initial report.
INT-0101734,TCK-005867,2026-08-27T13:30:00Z,assist,proposal_sent,First response.
INT-0101735,TCK-005868,2026-08-15T11:21:00Z,customer,message,Initial report.
INT-0101736,TCK-005868,2026-08-15T11:58:00Z,assist,proposal_sent,First response.
INT-0101737,TCK-005869,2026-08-12T11:48:00Z,customer,message,Initial report.
INT-0101738,TCK-005869,2026-08-12T12:13:00Z,assist,proposal_sent,First response.
INT-0101739,TCK-005870,2026-08-11T13:08:00Z,customer,message,Initial report.
INT-0101740,TCK-005870,2026-08-11T15:10:00Z,agent,message,First response.
INT-0101741,TCK-005871,2026-08-22T07:01:00Z,customer,message,Initial report.
INT-0101742,TCK-005871,2026-08-22T07:14:00Z,assist,proposal_sent,First response.
INT-0101743,TCK-005872,2026-08-17T16:31:00Z,customer,message,Initial report.
INT-0101744,TCK-005872,2026-08-17T19:45:00Z,agent,message,First response.
INT-0101745,TCK-005873,2026-08-15T11:30:00Z,customer,message,Initial report.
INT-0101746,TCK-005873,2026-08-15T12:25:00Z,agent,message,First response.
INT-0101747,TCK-005874,2026-08-27T11:59:00Z,customer,message,Initial report.
INT-0101748,TCK-005874,2026-08-27T12:32:00Z,assist,proposal_sent,First response.
INT-0101749,TCK-005875,2026-08-08T07:55:00Z,customer,message,Initial report.
INT-0101750,TCK-005875,2026-08-08T08:28:00Z,agent,message,First response.
INT-0101751,TCK-005876,2026-08-17T13:38:00Z,customer,message,Initial report.
INT-0101752,TCK-005876,2026-08-17T14:18:00Z,assist,proposal_sent,First response.
INT-0101753,TCK-005877,2026-08-07T13:12:00Z,customer,message,Initial report.
INT-0101754,TCK-005877,2026-08-07T16:41:00Z,agent,message,First response.
INT-0101755,TCK-005878,2026-08-24T18:40:00Z,customer,message,Initial report.
INT-0101756,TCK-005878,2026-08-24T19:03:00Z,assist,proposal_sent,First response.
INT-0101757,TCK-005879,2026-08-16T12:03:00Z,customer,message,Initial report.
INT-0101758,TCK-005879,2026-08-16T12:18:00Z,assist,proposal_sent,First response.
INT-0101759,TCK-005880,2026-08-16T14:13:00Z,customer,message,Initial report.
INT-0101760,TCK-005880,2026-08-16T14:49:00Z,assist,proposal_sent,First response.
INT-0101761,TCK-005881,2026-08-07T12:08:00Z,customer,message,Initial report.
INT-0101762,TCK-005881,2026-08-07T13:19:00Z,agent,message,First response.
INT-0101763,TCK-005882,2026-08-21T09:59:00Z,customer,message,Initial report.
INT-0101764,TCK-005882,2026-08-21T12:44:00Z,agent,message,First response.
INT-0101765,TCK-005883,2026-08-13T10:24:00Z,customer,message,Initial report.
INT-0101766,TCK-005883,2026-08-13T13:04:00Z,agent,message,First response.
INT-0101767,TCK-005884,2026-08-17T12:12:00Z,customer,message,Initial report.
INT-0101768,TCK-005884,2026-08-17T12:43:00Z,assist,proposal_sent,First response.
INT-0101769,TCK-005885,2026-08-19T09:50:00Z,customer,message,Initial report.
INT-0101770,TCK-005885,2026-08-19T10:02:00Z,assist,proposal_sent,First response.
INT-0101771,TCK-005886,2026-08-02T10:10:00Z,customer,message,Initial report.
INT-0101772,TCK-005886,2026-08-02T13:20:00Z,agent,message,First response.
INT-0101773,TCK-005887,2026-08-21T14:39:00Z,customer,message,Initial report.
INT-0101774,TCK-005887,2026-08-21T17:38:00Z,agent,message,First response.
INT-0101775,TCK-005888,2026-08-21T16:13:00Z,customer,message,Initial report.
INT-0101776,TCK-005888,2026-08-21T17:18:00Z,agent,message,First response.
INT-0101777,TCK-005889,2026-08-22T08:27:00Z,customer,message,Initial report.
INT-0101778,TCK-005889,2026-08-22T08:39:00Z,agent,message,First response.
INT-0101779,TCK-005890,2026-08-21T11:23:00Z,customer,message,Initial report.
INT-0101780,TCK-005890,2026-08-21T11:35:00Z,agent,message,First response.
INT-0101781,TCK-005891,2026-08-22T14:03:00Z,customer,message,Initial report.
INT-0101782,TCK-005891,2026-08-22T15:06:00Z,agent,message,First response.
INT-0101783,TCK-005892,2026-08-23T14:08:00Z,customer,message,Initial report.
INT-0101784,TCK-005892,2026-08-23T14:51:00Z,agent,message,First response.
INT-0101785,TCK-005893,2026-08-08T13:36:00Z,customer,message,Initial report.
INT-0101786,TCK-005893,2026-08-08T13:44:00Z,assist,proposal_sent,First response.
INT-0101787,TCK-005894,2026-08-24T13:57:00Z,customer,message,Initial report.
INT-0101788,TCK-005894,2026-08-24T15:25:00Z,agent,message,First response.
INT-0101789,TCK-005895,2026-08-18T16:10:00Z,customer,message,Initial report.
INT-0101790,TCK-005895,2026-08-18T17:50:00Z,agent,message,First response.
INT-0101791,TCK-005896,2026-08-21T08:17:00Z,customer,message,Initial report.
INT-0101792,TCK-005896,2026-08-21T08:36:00Z,assist,proposal_sent,First response.
INT-0101793,TCK-005897,2026-08-09T14:34:00Z,customer,message,Initial report.
INT-0101794,TCK-005897,2026-08-09T16:15:00Z,agent,message,First response.
INT-0101795,TCK-005898,2026-08-14T07:08:00Z,customer,message,Initial report.
INT-0101796,TCK-005898,2026-08-14T08:43:00Z,agent,message,First response.
INT-0101797,TCK-005899,2026-08-16T08:50:00Z,customer,message,Initial report.
INT-0101798,TCK-005899,2026-08-16T10:43:00Z,agent,message,First response.
INT-0101799,TCK-005900,2026-08-15T18:45:00Z,customer,message,Initial report.
INT-0101800,TCK-005900,2026-08-15T19:00:00Z,assist,proposal_sent,First response.
INT-0101801,TCK-005901,2026-08-07T12:36:00Z,customer,message,Initial report.
INT-0101802,TCK-005901,2026-08-07T14:54:00Z,agent,message,First response.
INT-0101803,TCK-005902,2026-08-08T09:33:00Z,customer,message,Initial report.
INT-0101804,TCK-005902,2026-08-08T09:55:00Z,agent,message,First response.
INT-0101805,TCK-005903,2026-08-11T16:50:00Z,customer,message,Initial report.
INT-0101806,TCK-005903,2026-08-11T19:52:00Z,agent,message,First response.
INT-0101807,TCK-005904,2026-08-05T11:39:00Z,customer,message,Initial report.
INT-0101808,TCK-005904,2026-08-05T13:45:00Z,agent,message,First response.
INT-0101809,TCK-005905,2026-08-12T12:13:00Z,customer,message,Initial report.
INT-0101810,TCK-005905,2026-08-12T12:54:00Z,agent,message,First response.
INT-0101811,TCK-005906,2026-08-19T11:52:00Z,customer,message,Initial report.
INT-0101812,TCK-005906,2026-08-19T12:25:00Z,assist,proposal_sent,First response.
INT-0101813,TCK-005907,2026-08-12T16:16:00Z,customer,message,Initial report.
INT-0101814,TCK-005907,2026-08-12T16:42:00Z,assist,proposal_sent,First response.
INT-0101815,TCK-005908,2026-08-23T07:47:00Z,customer,message,Initial report.
INT-0101816,TCK-005908,2026-08-23T09:39:00Z,agent,message,First response.
INT-0101817,TCK-005909,2026-08-15T12:09:00Z,customer,message,Initial report.
INT-0101818,TCK-005909,2026-08-15T12:17:00Z,assist,proposal_sent,First response.
INT-0101819,TCK-005910,2026-08-16T13:22:00Z,customer,message,Initial report.
INT-0101820,TCK-005910,2026-08-16T13:48:00Z,assist,proposal_sent,First response.
INT-0101821,TCK-005911,2026-08-02T12:31:00Z,customer,message,Initial report.
INT-0101822,TCK-005911,2026-08-02T13:09:00Z,assist,proposal_sent,First response.
INT-0101823,TCK-005912,2026-08-13T14:32:00Z,customer,message,Initial report.
INT-0101824,TCK-005912,2026-08-13T16:14:00Z,agent,message,First response.
INT-0101825,TCK-005913,2026-08-26T18:48:00Z,customer,message,Initial report.
INT-0101826,TCK-005913,2026-08-26T19:06:00Z,assist,proposal_sent,First response.
INT-0101827,TCK-005914,2026-08-07T14:09:00Z,customer,message,Initial report.
INT-0101828,TCK-005914,2026-08-07T17:43:00Z,agent,message,First response.
INT-0101829,TCK-005915,2026-08-24T12:58:00Z,customer,message,Initial report.
INT-0101830,TCK-005915,2026-08-24T15:32:00Z,agent,message,First response.
INT-0101831,TCK-005916,2026-08-26T11:24:00Z,customer,message,Initial report.
INT-0101832,TCK-005916,2026-08-26T12:56:00Z,agent,message,First response.
INT-0101833,TCK-005917,2026-08-05T17:28:00Z,customer,message,Initial report.
INT-0101834,TCK-005917,2026-08-05T17:40:00Z,agent,message,First response.
INT-0101835,TCK-005918,2026-08-05T07:01:00Z,customer,message,Initial report.
INT-0101836,TCK-005918,2026-08-05T07:32:00Z,assist,proposal_sent,First response.
INT-0101837,TCK-005919,2026-08-21T18:16:00Z,customer,message,Initial report.
INT-0101838,TCK-005919,2026-08-21T20:24:00Z,agent,message,First response.
INT-0101839,TCK-005920,2026-08-04T13:33:00Z,customer,message,Initial report.
INT-0101840,TCK-005920,2026-08-04T13:47:00Z,assist,proposal_sent,First response.
INT-0101841,TCK-005921,2026-08-16T10:38:00Z,customer,message,Initial report.
INT-0101842,TCK-005921,2026-08-16T10:51:00Z,assist,proposal_sent,First response.
INT-0101843,TCK-005922,2026-08-25T15:01:00Z,customer,message,Initial report.
INT-0101844,TCK-005922,2026-08-25T17:43:00Z,agent,message,First response.
INT-0101845,TCK-005923,2026-08-10T17:07:00Z,customer,message,Initial report.
INT-0101846,TCK-005923,2026-08-10T17:19:00Z,agent,message,First response.
INT-0101847,TCK-005924,2026-08-18T14:29:00Z,customer,message,Initial report.
INT-0101848,TCK-005924,2026-08-18T14:58:00Z,assist,proposal_sent,First response.
INT-0101849,TCK-005925,2026-08-03T14:45:00Z,customer,message,Initial report.
INT-0101850,TCK-005925,2026-08-03T14:57:00Z,agent,message,First response.
INT-0101851,TCK-005926,2026-08-03T10:28:00Z,customer,message,Initial report.
INT-0101852,TCK-005926,2026-08-03T11:50:00Z,agent,message,First response.
INT-0101853,TCK-005927,2026-08-11T09:28:00Z,customer,message,Initial report.
INT-0101854,TCK-005927,2026-08-11T09:55:00Z,assist,proposal_sent,First response.
INT-0101855,TCK-005928,2026-08-14T08:36:00Z,customer,message,Initial report.
INT-0101856,TCK-005928,2026-08-14T09:08:00Z,assist,proposal_sent,First response.
INT-0101857,TCK-005929,2026-08-24T12:39:00Z,customer,message,Initial report.
INT-0101858,TCK-005929,2026-08-24T15:53:00Z,agent,message,First response.
INT-0101859,TCK-005930,2026-08-17T08:05:00Z,customer,message,Initial report.
INT-0101860,TCK-005930,2026-08-17T09:47:00Z,agent,message,First response.
INT-0101861,TCK-005931,2026-08-04T08:04:00Z,customer,message,Initial report.
INT-0101862,TCK-005931,2026-08-04T08:38:00Z,agent,message,First response.
INT-0101863,TCK-005932,2026-08-03T15:43:00Z,customer,message,Initial report.
INT-0101864,TCK-005932,2026-08-03T15:55:00Z,assist,proposal_sent,First response.
INT-0101865,TCK-005933,2026-08-09T17:25:00Z,customer,message,Initial report.
INT-0101866,TCK-005933,2026-08-09T17:49:00Z,assist,proposal_sent,First response.
INT-0101867,TCK-005934,2026-08-03T14:36:00Z,customer,message,Initial report.
INT-0101868,TCK-005934,2026-08-03T17:14:00Z,agent,message,First response.
INT-0101869,TCK-005935,2026-08-01T16:52:00Z,customer,message,Initial report.
INT-0101870,TCK-005935,2026-08-01T17:05:00Z,assist,proposal_sent,First response.
INT-0101871,TCK-005936,2026-08-21T14:38:00Z,customer,message,Initial report.
INT-0101872,TCK-005936,2026-08-21T15:12:00Z,assist,proposal_sent,First response.
INT-0101873,TCK-005937,2026-08-24T11:00:00Z,customer,message,Initial report.
INT-0101874,TCK-005937,2026-08-24T12:59:00Z,agent,message,First response.
INT-0101875,TCK-005938,2026-08-11T09:10:00Z,customer,message,Initial report.
INT-0101876,TCK-005938,2026-08-11T10:39:00Z,agent,message,First response.
INT-0101877,TCK-005939,2026-08-23T08:03:00Z,customer,message,Initial report.
INT-0101878,TCK-005939,2026-08-23T08:27:00Z,assist,proposal_sent,First response.
INT-0101879,TCK-005940,2026-08-05T11:47:00Z,customer,message,Initial report.
INT-0101880,TCK-005940,2026-08-05T12:06:00Z,assist,proposal_sent,First response.
INT-0101881,TCK-005941,2026-08-09T11:18:00Z,customer,message,Initial report.
INT-0101882,TCK-005941,2026-08-09T11:26:00Z,assist,proposal_sent,First response.
INT-0101883,TCK-005942,2026-08-11T09:28:00Z,customer,message,Initial report.
INT-0101884,TCK-005942,2026-08-11T12:04:00Z,agent,message,First response.
INT-0101885,TCK-005943,2026-08-04T08:57:00Z,customer,message,Initial report.
INT-0101886,TCK-005943,2026-08-04T10:44:00Z,agent,message,First response.
INT-0101887,TCK-005944,2026-08-20T09:07:00Z,customer,message,Initial report.
INT-0101888,TCK-005944,2026-08-20T10:12:00Z,agent,message,First response.
INT-0101889,TCK-005945,2026-08-12T12:20:00Z,customer,message,Initial report.
INT-0101890,TCK-005945,2026-08-12T13:47:00Z,agent,message,First response.
INT-0101891,TCK-005946,2026-08-22T15:58:00Z,customer,message,Initial report.
INT-0101892,TCK-005946,2026-08-22T17:27:00Z,agent,message,First response.
INT-0101893,TCK-005947,2026-08-18T09:02:00Z,customer,message,Initial report.
INT-0101894,TCK-005947,2026-08-18T09:42:00Z,assist,proposal_sent,First response.
INT-0101895,TCK-005948,2026-08-11T11:25:00Z,customer,message,Initial report.
INT-0101896,TCK-005948,2026-08-11T11:39:00Z,assist,proposal_sent,First response.
INT-0101897,TCK-005949,2026-08-22T10:09:00Z,customer,message,Initial report.
INT-0101898,TCK-005949,2026-08-22T10:23:00Z,agent,message,First response.
INT-0101899,TCK-005950,2026-08-12T08:25:00Z,customer,message,Initial report.
INT-0101900,TCK-005950,2026-08-12T11:01:00Z,agent,message,First response.
INT-0101901,TCK-005951,2026-08-12T14:24:00Z,customer,message,Initial report.
INT-0101902,TCK-005951,2026-08-12T14:57:00Z,agent,message,First response.
INT-0101903,TCK-005952,2026-08-24T08:29:00Z,customer,message,Initial report.
INT-0101904,TCK-005952,2026-08-24T10:12:00Z,agent,message,First response.
INT-0101905,TCK-005953,2026-08-25T11:52:00Z,customer,message,Initial report.
INT-0101906,TCK-005953,2026-08-25T12:19:00Z,assist,proposal_sent,First response.
INT-0101907,TCK-005954,2026-08-15T08:28:00Z,customer,message,Initial report.
INT-0101908,TCK-005954,2026-08-15T08:40:00Z,assist,proposal_sent,First response.
INT-0101909,TCK-005955,2026-08-25T07:18:00Z,customer,message,Initial report.
INT-0101910,TCK-005955,2026-08-25T07:57:00Z,assist,proposal_sent,First response.
INT-0101911,TCK-005956,2026-08-20T14:55:00Z,customer,message,Initial report.
INT-0101912,TCK-005956,2026-08-20T15:03:00Z,assist,proposal_sent,First response.
INT-0101913,TCK-005957,2026-08-09T13:43:00Z,customer,message,Initial report.
INT-0101914,TCK-005957,2026-08-09T15:10:00Z,agent,message,First response.
INT-0101915,TCK-005958,2026-08-07T10:01:00Z,customer,message,Initial report.
INT-0101916,TCK-005958,2026-08-07T10:14:00Z,assist,proposal_sent,First response.
INT-0101917,TCK-005959,2026-08-24T10:57:00Z,customer,message,Initial report.
INT-0101918,TCK-005959,2026-08-24T14:02:00Z,agent,message,First response.
INT-0101919,TCK-005960,2026-08-24T10:45:00Z,customer,message,Initial report.
INT-0101920,TCK-005960,2026-08-24T11:53:00Z,agent,message,First response.
INT-0101921,TCK-005961,2026-08-09T09:28:00Z,customer,message,Initial report.
INT-0101922,TCK-005961,2026-08-09T10:17:00Z,agent,message,First response.
INT-0101923,TCK-005962,2026-08-26T08:48:00Z,customer,message,Initial report.
INT-0101924,TCK-005962,2026-08-26T09:19:00Z,assist,proposal_sent,First response.
INT-0101925,TCK-005963,2026-08-27T10:41:00Z,customer,message,Initial report.
INT-0101926,TCK-005963,2026-08-27T11:22:00Z,agent,message,First response.
INT-0101927,TCK-005964,2026-08-14T10:07:00Z,customer,message,Initial report.
INT-0101928,TCK-005964,2026-08-14T13:02:00Z,agent,message,First response.
INT-0101929,TCK-005965,2026-08-03T13:15:00Z,customer,message,Initial report.
INT-0101930,TCK-005965,2026-08-03T13:37:00Z,assist,proposal_sent,First response.
INT-0101931,TCK-005966,2026-08-01T17:29:00Z,customer,message,Initial report.
INT-0101932,TCK-005966,2026-08-01T18:02:00Z,assist,proposal_sent,First response.
INT-0101933,TCK-005967,2026-08-18T07:10:00Z,customer,message,Initial report.
INT-0101934,TCK-005967,2026-08-18T08:20:00Z,agent,message,First response.
INT-0101935,TCK-005968,2026-08-02T17:48:00Z,customer,message,Initial report.
INT-0101936,TCK-005968,2026-08-02T20:37:00Z,agent,message,First response.
INT-0101937,TCK-005969,2026-08-18T09:38:00Z,customer,message,Initial report.
INT-0101938,TCK-005969,2026-08-18T10:08:00Z,assist,proposal_sent,First response.
INT-0101939,TCK-005970,2026-08-24T16:41:00Z,customer,message,Initial report.
INT-0101940,TCK-005970,2026-08-24T17:56:00Z,agent,message,First response.
INT-0101941,TCK-005971,2026-08-10T13:04:00Z,customer,message,Initial report.
INT-0101942,TCK-005971,2026-08-10T13:35:00Z,assist,proposal_sent,First response.
INT-0101943,TCK-005972,2026-08-11T14:45:00Z,customer,message,Initial report.
INT-0101944,TCK-005972,2026-08-11T15:47:00Z,agent,message,First response.
INT-0101945,TCK-005973,2026-08-20T11:22:00Z,customer,message,Initial report.
INT-0101946,TCK-005973,2026-08-20T13:57:00Z,agent,message,First response.
INT-0101947,TCK-005974,2026-08-02T15:14:00Z,customer,message,Initial report.
INT-0101948,TCK-005974,2026-08-02T17:43:00Z,agent,message,First response.
INT-0101949,TCK-005975,2026-08-21T07:31:00Z,customer,message,Initial report.
INT-0101950,TCK-005975,2026-08-21T09:13:00Z,agent,message,First response.
INT-0101951,TCK-005976,2026-08-16T10:07:00Z,customer,message,Initial report.
INT-0101952,TCK-005976,2026-08-16T12:02:00Z,agent,message,First response.
INT-0101953,TCK-005977,2026-08-20T11:50:00Z,customer,message,Initial report.
INT-0101954,TCK-005977,2026-08-20T12:26:00Z,assist,proposal_sent,First response.
INT-0101955,TCK-005978,2026-08-14T14:54:00Z,customer,message,Initial report.
INT-0101956,TCK-005978,2026-08-14T16:08:00Z,agent,message,First response.
INT-0101957,TCK-005979,2026-08-01T12:39:00Z,customer,message,Initial report.
INT-0101958,TCK-005979,2026-08-01T13:15:00Z,assist,proposal_sent,First response.
INT-0101959,TCK-005980,2026-08-07T13:07:00Z,customer,message,Initial report.
INT-0101960,TCK-005980,2026-08-07T16:07:00Z,agent,message,First response.
INT-0101961,TCK-005981,2026-08-17T13:18:00Z,customer,message,Initial report.
INT-0101962,TCK-005981,2026-08-17T14:27:00Z,agent,message,First response.
INT-0101963,TCK-005982,2026-08-03T17:38:00Z,customer,message,Initial report.
INT-0101964,TCK-005982,2026-08-03T18:34:00Z,agent,message,First response.
INT-0101965,TCK-005983,2026-08-05T16:44:00Z,customer,message,Initial report.
INT-0101966,TCK-005983,2026-08-05T19:05:00Z,agent,message,First response.
INT-0101967,TCK-005984,2026-08-08T10:42:00Z,customer,message,Initial report.
INT-0101968,TCK-005984,2026-08-08T13:18:00Z,agent,message,First response.
INT-0101969,TCK-005985,2026-08-18T16:19:00Z,customer,message,Initial report.
INT-0101970,TCK-005985,2026-08-18T16:57:00Z,assist,proposal_sent,First response.
INT-0101971,TCK-005986,2026-08-19T10:26:00Z,customer,message,Initial report.
INT-0101972,TCK-005986,2026-08-19T10:38:00Z,agent,message,First response.
INT-0101973,TCK-005987,2026-08-02T16:40:00Z,customer,message,Initial report.
INT-0101974,TCK-005987,2026-08-02T17:18:00Z,assist,proposal_sent,First response.
INT-0101975,TCK-005988,2026-08-07T15:12:00Z,customer,message,Initial report.
INT-0101976,TCK-005988,2026-08-07T18:03:00Z,agent,message,First response.
INT-0101977,TCK-005989,2026-08-12T16:34:00Z,customer,message,Initial report.
INT-0101978,TCK-005989,2026-08-12T16:50:00Z,assist,proposal_sent,First response.
INT-0101979,TCK-005990,2026-08-06T08:07:00Z,customer,message,Initial report.
INT-0101980,TCK-005990,2026-08-06T11:23:00Z,agent,message,First response.
INT-0101981,TCK-005991,2026-08-16T09:26:00Z,customer,message,Initial report.
INT-0101982,TCK-005991,2026-08-16T10:04:00Z,assist,proposal_sent,First response.
INT-0101983,TCK-005992,2026-08-08T17:24:00Z,customer,message,Initial report.
INT-0101984,TCK-005992,2026-08-08T17:40:00Z,agent,message,First response.
INT-0101985,TCK-005993,2026-08-17T07:41:00Z,customer,message,Initial report.
INT-0101986,TCK-005993,2026-08-17T08:09:00Z,assist,proposal_sent,First response.
INT-0101987,TCK-005994,2026-08-18T08:13:00Z,customer,message,Initial report.
INT-0101988,TCK-005994,2026-08-18T09:33:00Z,agent,message,First response.
INT-0101989,TCK-005995,2026-08-17T13:14:00Z,customer,message,Initial report.
INT-0101990,TCK-005995,2026-08-17T15:56:00Z,agent,message,First response.
INT-0101991,TCK-005996,2026-08-02T08:35:00Z,customer,message,Initial report.
INT-0101992,TCK-005996,2026-08-02T11:42:00Z,agent,message,First response.
INT-0101993,TCK-005997,2026-08-11T12:37:00Z,customer,message,Initial report.
INT-0101994,TCK-005997,2026-08-11T12:49:00Z,agent,message,First response.
INT-0101995,TCK-005998,2026-08-17T13:08:00Z,customer,message,Initial report.
INT-0101996,TCK-005998,2026-08-17T13:21:00Z,assist,proposal_sent,First response.
INT-0101997,TCK-005999,2026-08-20T13:44:00Z,customer,message,Initial report.
INT-0101998,TCK-005999,2026-08-20T16:04:00Z,agent,message,First response.
INT-0101999,TCK-006000,2026-08-15T12:10:00Z,customer,message,Initial report.
INT-0102000,TCK-006000,2026-08-15T13:54:00Z,agent,message,First response.
INT-0102001,TCK-006001,2026-08-06T14:40:00Z,customer,message,Initial report.
INT-0102002,TCK-006001,2026-08-06T15:00:00Z,assist,proposal_sent,First response.
INT-0102003,TCK-006002,2026-08-17T16:17:00Z,customer,message,Initial report.
INT-0102004,TCK-006002,2026-08-17T18:07:00Z,agent,message,First response.
INT-0102005,TCK-006003,2026-08-22T14:34:00Z,customer,message,Initial report.
INT-0102006,TCK-006003,2026-08-22T15:13:00Z,assist,proposal_sent,First response.
INT-0102007,TCK-006004,2026-08-08T15:54:00Z,customer,message,Initial report.
INT-0102008,TCK-006004,2026-08-08T19:13:00Z,agent,message,First response.
INT-0102009,TCK-006005,2026-08-22T15:06:00Z,customer,message,Initial report.
INT-0102010,TCK-006005,2026-08-22T17:35:00Z,agent,message,First response.
INT-0102011,TCK-006006,2026-08-14T10:30:00Z,customer,message,Initial report.
INT-0102012,TCK-006006,2026-08-14T11:35:00Z,agent,message,First response.
INT-0102013,TCK-006007,2026-08-13T09:04:00Z,customer,message,Initial report.
INT-0102014,TCK-006007,2026-08-13T09:16:00Z,agent,message,First response.
INT-0102015,TCK-006008,2026-08-03T07:12:00Z,customer,message,Initial report.
INT-0102016,TCK-006008,2026-08-03T09:40:00Z,agent,message,First response.
INT-0102017,TCK-006009,2026-08-17T14:22:00Z,customer,message,Initial report.
INT-0102018,TCK-006009,2026-08-17T14:42:00Z,assist,proposal_sent,First response.
INT-0102019,TCK-006010,2026-08-04T12:02:00Z,customer,message,Initial report.
INT-0102020,TCK-006010,2026-08-04T12:41:00Z,assist,proposal_sent,First response.
INT-0102021,TCK-006011,2026-08-02T10:52:00Z,customer,message,Initial report.
INT-0102022,TCK-006011,2026-08-02T11:17:00Z,assist,proposal_sent,First response.
INT-0102023,TCK-006012,2026-08-02T11:14:00Z,customer,message,Initial report.
INT-0102024,TCK-006012,2026-08-02T13:10:00Z,agent,message,First response.
INT-0102025,TCK-006013,2026-08-11T18:41:00Z,customer,message,Initial report.
INT-0102026,TCK-006013,2026-08-11T19:56:00Z,agent,message,First response.
INT-0102027,TCK-006014,2026-08-02T14:48:00Z,customer,message,Initial report.
INT-0102028,TCK-006014,2026-08-02T17:50:00Z,agent,message,First response.
INT-0102029,TCK-006015,2026-08-09T13:32:00Z,customer,message,Initial report.
INT-0102030,TCK-006015,2026-08-09T15:02:00Z,agent,message,First response.
INT-0102031,TCK-006016,2026-08-26T16:35:00Z,customer,message,Initial report.
INT-0102032,TCK-006016,2026-08-26T18:17:00Z,agent,message,First response.
INT-0102033,TCK-006017,2026-08-11T15:53:00Z,customer,message,Initial report.
INT-0102034,TCK-006017,2026-08-11T16:10:00Z,assist,proposal_sent,First response.
INT-0102035,TCK-006018,2026-08-10T07:01:00Z,customer,message,Initial report.
INT-0102036,TCK-006018,2026-08-10T07:15:00Z,assist,proposal_sent,First response.
INT-0102037,TCK-006019,2026-08-05T07:42:00Z,customer,message,Initial report.
INT-0102038,TCK-006019,2026-08-05T10:09:00Z,agent,message,First response.
INT-0102039,TCK-006020,2026-08-27T10:38:00Z,customer,message,Initial report.
INT-0102040,TCK-006020,2026-08-27T11:08:00Z,agent,message,First response.
INT-0102041,TCK-006021,2026-08-04T10:05:00Z,customer,message,Initial report.
INT-0102042,TCK-006021,2026-08-04T11:44:00Z,agent,message,First response.
INT-0102043,TCK-006022,2026-08-11T16:29:00Z,customer,message,Initial report.
INT-0102044,TCK-006022,2026-08-11T16:41:00Z,agent,message,First response.
INT-0102045,TCK-006023,2026-08-18T16:59:00Z,customer,message,Initial report.
INT-0102046,TCK-006023,2026-08-18T18:35:00Z,agent,message,First response.
INT-0102047,TCK-006024,2026-08-27T17:59:00Z,customer,message,Initial report.
INT-0102048,TCK-006024,2026-08-27T18:28:00Z,assist,proposal_sent,First response.
INT-0102049,TCK-006025,2026-08-13T13:02:00Z,customer,message,Initial report.
INT-0102050,TCK-006025,2026-08-13T15:20:00Z,agent,message,First response.
INT-0102051,TCK-006026,2026-08-12T07:17:00Z,customer,message,Initial report.
INT-0102052,TCK-006026,2026-08-12T09:35:00Z,agent,message,First response.
INT-0102053,TCK-006027,2026-08-25T17:21:00Z,customer,message,Initial report.
INT-0102054,TCK-006027,2026-08-25T19:18:00Z,agent,message,First response.
INT-0102055,TCK-006028,2026-08-22T15:29:00Z,customer,message,Initial report.
INT-0102056,TCK-006028,2026-08-22T15:54:00Z,assist,proposal_sent,First response.
INT-0102057,TCK-006029,2026-08-10T16:35:00Z,customer,message,Initial report.
INT-0102058,TCK-006029,2026-08-10T18:01:00Z,agent,message,First response.
INT-0102059,TCK-006030,2026-08-13T07:49:00Z,customer,message,Initial report.
INT-0102060,TCK-006030,2026-08-13T07:58:00Z,assist,proposal_sent,First response.
INT-0102061,TCK-006031,2026-08-20T15:23:00Z,customer,message,Initial report.
INT-0102062,TCK-006031,2026-08-20T17:43:00Z,agent,message,First response.
INT-0102063,TCK-006032,2026-08-13T09:47:00Z,customer,message,Initial report.
INT-0102064,TCK-006032,2026-08-13T09:58:00Z,assist,proposal_sent,First response.
INT-0102065,TCK-006033,2026-08-17T09:41:00Z,customer,message,Initial report.
INT-0102066,TCK-006033,2026-08-17T12:24:00Z,agent,message,First response.
INT-0102067,TCK-006034,2026-08-10T07:00:00Z,customer,message,Initial report.
INT-0102068,TCK-006034,2026-08-10T07:13:00Z,assist,proposal_sent,First response.
INT-0102069,TCK-006035,2026-08-08T13:58:00Z,customer,message,Initial report.
INT-0102070,TCK-006035,2026-08-08T16:29:00Z,agent,message,First response.
INT-0102071,TCK-006036,2026-08-07T13:22:00Z,customer,message,Initial report.
INT-0102072,TCK-006036,2026-08-07T14:30:00Z,agent,message,First response.
INT-0102073,TCK-006037,2026-08-02T18:37:00Z,customer,message,Initial report.
INT-0102074,TCK-006037,2026-08-02T19:08:00Z,agent,message,First response.
INT-0102075,TCK-006038,2026-08-17T17:01:00Z,customer,message,Initial report.
INT-0102076,TCK-006038,2026-08-17T19:30:00Z,agent,message,First response.
INT-0102077,TCK-006039,2026-08-10T17:06:00Z,customer,message,Initial report.
INT-0102078,TCK-006039,2026-08-10T19:25:00Z,agent,message,First response.
INT-0102079,TCK-006040,2026-08-14T13:44:00Z,customer,message,Initial report.
INT-0102080,TCK-006040,2026-08-14T14:05:00Z,assist,proposal_sent,First response.
INT-0102081,TCK-006041,2026-08-17T13:22:00Z,customer,message,Initial report.
INT-0102082,TCK-006041,2026-08-17T16:05:00Z,agent,message,First response.
INT-0102083,TCK-006042,2026-08-06T07:16:00Z,customer,message,Initial report.
INT-0102084,TCK-006042,2026-08-06T08:34:00Z,agent,message,First response.
INT-0102085,TCK-006043,2026-08-05T13:32:00Z,customer,message,Initial report.
INT-0102086,TCK-006043,2026-08-05T15:40:00Z,agent,message,First response.
INT-0102087,TCK-006044,2026-08-02T11:20:00Z,customer,message,Initial report.
INT-0102088,TCK-006044,2026-08-02T11:35:00Z,assist,proposal_sent,First response.
INT-0102089,TCK-006045,2026-08-20T18:11:00Z,customer,message,Initial report.
INT-0102090,TCK-006045,2026-08-20T20:14:00Z,agent,message,First response.
INT-0102091,TCK-006046,2026-08-22T11:15:00Z,customer,message,Initial report.
INT-0102092,TCK-006046,2026-08-22T12:17:00Z,agent,message,First response.
INT-0102093,TCK-006047,2026-08-27T08:55:00Z,customer,message,Initial report.
INT-0102094,TCK-006047,2026-08-27T10:12:00Z,agent,message,First response.
INT-0102095,TCK-006048,2026-08-20T11:46:00Z,customer,message,Initial report.
INT-0102096,TCK-006048,2026-08-20T13:26:00Z,agent,message,First response.
INT-0102097,TCK-006049,2026-08-15T16:37:00Z,customer,message,Initial report.
INT-0102098,TCK-006049,2026-08-15T18:36:00Z,agent,message,First response.
INT-0102099,TCK-006050,2026-08-11T16:25:00Z,customer,message,Initial report.
INT-0102100,TCK-006050,2026-08-11T18:50:00Z,agent,message,First response.
INT-0102101,TCK-006051,2026-08-13T15:41:00Z,customer,message,Initial report.
INT-0102102,TCK-006051,2026-08-13T18:46:00Z,agent,message,First response.
INT-0102103,TCK-006052,2026-08-08T12:57:00Z,customer,message,Initial report.
INT-0102104,TCK-006052,2026-08-08T14:51:00Z,agent,message,First response.
INT-0102105,TCK-006053,2026-08-25T07:00:00Z,customer,message,Initial report.
INT-0102106,TCK-006053,2026-08-25T08:07:00Z,agent,message,First response.
INT-0102107,TCK-006054,2026-08-22T13:36:00Z,customer,message,Initial report.
INT-0102108,TCK-006054,2026-08-22T14:43:00Z,agent,message,First response.
INT-0102109,TCK-006055,2026-08-09T12:17:00Z,customer,message,Initial report.
INT-0102110,TCK-006055,2026-08-09T12:27:00Z,assist,proposal_sent,First response.
INT-0102111,TCK-006056,2026-08-26T08:35:00Z,customer,message,Initial report.
INT-0102112,TCK-006056,2026-08-26T08:49:00Z,assist,proposal_sent,First response.
INT-0102113,TCK-006057,2026-08-15T10:01:00Z,customer,message,Initial report.
INT-0102114,TCK-006057,2026-08-15T14:00:00Z,agent,message,First response.
INT-0102115,TCK-006058,2026-08-06T07:50:00Z,customer,message,Initial report.
INT-0102116,TCK-006058,2026-08-06T08:16:00Z,assist,proposal_sent,First response.
INT-0102117,TCK-006059,2026-08-13T15:23:00Z,customer,message,Initial report.
INT-0102118,TCK-006059,2026-08-13T16:45:00Z,agent,message,First response.
INT-0102119,TCK-006060,2026-08-16T12:39:00Z,customer,message,Initial report.
INT-0102120,TCK-006060,2026-08-16T13:08:00Z,assist,proposal_sent,First response.
INT-0102121,TCK-006061,2026-08-20T18:23:00Z,customer,message,Initial report.
INT-0102122,TCK-006061,2026-08-20T21:33:00Z,agent,message,First response.
INT-0102123,TCK-006062,2026-08-12T09:26:00Z,customer,message,Initial report.
INT-0102124,TCK-006062,2026-08-12T10:05:00Z,assist,proposal_sent,First response.
INT-0102125,TCK-006063,2026-08-24T17:52:00Z,customer,message,Initial report.
INT-0102126,TCK-006063,2026-08-24T20:40:00Z,agent,message,First response.
INT-0102127,TCK-006064,2026-08-08T11:32:00Z,customer,message,Initial report.
INT-0102128,TCK-006064,2026-08-08T11:41:00Z,assist,proposal_sent,First response.
INT-0102129,TCK-006065,2026-08-27T12:15:00Z,customer,message,Initial report.
INT-0102130,TCK-006065,2026-08-27T17:02:00Z,agent,message,First response.
INT-0102131,TCK-006066,2026-08-01T10:36:00Z,customer,message,Initial report.
INT-0102132,TCK-006066,2026-08-01T10:48:00Z,assist,proposal_sent,First response.
INT-0102133,TCK-006067,2026-08-03T08:16:00Z,customer,message,Initial report.
INT-0102134,TCK-006067,2026-08-03T10:05:00Z,agent,message,First response.
INT-0102135,TCK-006068,2026-08-20T14:54:00Z,customer,message,Initial report.
INT-0102136,TCK-006068,2026-08-20T17:28:00Z,agent,message,First response.
INT-0102137,TCK-006069,2026-08-25T12:39:00Z,customer,message,Initial report.
INT-0102138,TCK-006069,2026-08-25T14:24:00Z,agent,message,First response.
INT-0102139,TCK-006070,2026-08-14T08:40:00Z,customer,message,Initial report.
INT-0102140,TCK-006070,2026-08-14T10:40:00Z,agent,message,First response.
INT-0102141,TCK-006071,2026-08-03T14:42:00Z,customer,message,Initial report.
INT-0102142,TCK-006071,2026-08-03T14:59:00Z,agent,message,First response.
INT-0102143,TCK-006072,2026-08-25T11:20:00Z,customer,message,Initial report.
INT-0102144,TCK-006072,2026-08-25T13:15:00Z,agent,message,First response.
INT-0102145,TCK-006073,2026-08-13T16:39:00Z,customer,message,Initial report.
INT-0102146,TCK-006073,2026-08-13T19:16:00Z,agent,message,First response.
INT-0102147,TCK-006074,2026-08-22T12:03:00Z,customer,message,Initial report.
INT-0102148,TCK-006074,2026-08-22T15:44:00Z,agent,message,First response.
INT-0102149,TCK-006075,2026-08-22T13:18:00Z,customer,message,Initial report.
INT-0102150,TCK-006075,2026-08-22T15:36:00Z,agent,message,First response.
INT-0102151,TCK-006076,2026-08-15T09:08:00Z,customer,message,Initial report.
INT-0102152,TCK-006076,2026-08-15T10:27:00Z,agent,message,First response.
INT-0102153,TCK-006077,2026-08-09T18:20:00Z,customer,message,Initial report.
INT-0102154,TCK-006077,2026-08-09T18:55:00Z,assist,proposal_sent,First response.
INT-0102155,TCK-006078,2026-08-20T09:42:00Z,customer,message,Initial report.
INT-0102156,TCK-006078,2026-08-20T11:52:00Z,agent,message,First response.
INT-0102157,TCK-006079,2026-08-16T09:21:00Z,customer,message,Initial report.
INT-0102158,TCK-006079,2026-08-16T11:05:00Z,agent,message,First response.
INT-0102159,TCK-006080,2026-08-07T14:40:00Z,customer,message,Initial report.
INT-0102160,TCK-006080,2026-08-07T16:14:00Z,agent,message,First response.
INT-0102161,TCK-006081,2026-08-17T07:51:00Z,customer,message,Initial report.
INT-0102162,TCK-006081,2026-08-17T09:54:00Z,agent,message,First response.
INT-0102163,TCK-006082,2026-08-18T09:59:00Z,customer,message,Initial report.
INT-0102164,TCK-006082,2026-08-18T11:42:00Z,agent,message,First response.
INT-0102165,TCK-006083,2026-08-25T15:28:00Z,customer,message,Initial report.
INT-0102166,TCK-006083,2026-08-25T17:33:00Z,agent,message,First response.
INT-0102167,TCK-006084,2026-08-13T08:19:00Z,customer,message,Initial report.
INT-0102168,TCK-006084,2026-08-13T11:16:00Z,agent,message,First response.
INT-0102169,TCK-006085,2026-08-04T13:51:00Z,customer,message,Initial report.
INT-0102170,TCK-006085,2026-08-04T14:48:00Z,agent,message,First response.
INT-0102171,TCK-006086,2026-08-02T17:52:00Z,customer,message,Initial report.
INT-0102172,TCK-006086,2026-08-02T19:27:00Z,agent,message,First response.
INT-0102173,TCK-006087,2026-08-16T07:27:00Z,customer,message,Initial report.
INT-0102174,TCK-006087,2026-08-16T10:31:00Z,agent,message,First response.
INT-0102175,TCK-006088,2026-08-01T16:11:00Z,customer,message,Initial report.
INT-0102176,TCK-006088,2026-08-01T18:13:00Z,agent,message,First response.
INT-0102177,TCK-006089,2026-08-06T07:33:00Z,customer,message,Initial report.
INT-0102178,TCK-006089,2026-08-06T07:42:00Z,assist,proposal_sent,First response.
INT-0102179,TCK-006090,2026-08-19T12:02:00Z,customer,message,Initial report.
INT-0102180,TCK-006090,2026-08-19T13:40:00Z,agent,message,First response.
INT-0102181,TCK-006091,2026-08-20T08:05:00Z,customer,message,Initial report.
INT-0102182,TCK-006091,2026-08-20T08:17:00Z,agent,message,First response.
INT-0102183,TCK-006092,2026-08-14T14:31:00Z,customer,message,Initial report.
INT-0102184,TCK-006092,2026-08-14T14:56:00Z,assist,proposal_sent,First response.
INT-0102185,TCK-006093,2026-08-07T17:48:00Z,customer,message,Initial report.
INT-0102186,TCK-006093,2026-08-07T18:14:00Z,assist,proposal_sent,First response.
INT-0102187,TCK-006094,2026-08-18T11:31:00Z,customer,message,Initial report.
INT-0102188,TCK-006094,2026-08-18T12:43:00Z,agent,message,First response.
INT-0102189,TCK-006095,2026-08-12T16:23:00Z,customer,message,Initial report.
INT-0102190,TCK-006095,2026-08-12T16:54:00Z,assist,proposal_sent,First response.
INT-0102191,TCK-006096,2026-08-20T08:28:00Z,customer,message,Initial report.
INT-0102192,TCK-006096,2026-08-20T08:40:00Z,agent,message,First response.
INT-0102193,TCK-006097,2026-08-22T10:15:00Z,customer,message,Initial report.
INT-0102194,TCK-006097,2026-08-22T10:27:00Z,agent,message,First response.
INT-0102195,TCK-006098,2026-08-13T10:08:00Z,customer,message,Initial report.
INT-0102196,TCK-006098,2026-08-13T11:02:00Z,agent,message,First response.
INT-0102197,TCK-006099,2026-08-16T09:22:00Z,customer,message,Initial report.
INT-0102198,TCK-006099,2026-08-16T10:02:00Z,assist,proposal_sent,First response.
INT-0102199,TCK-006100,2026-08-03T13:37:00Z,customer,message,Initial report.
INT-0102200,TCK-006100,2026-08-03T14:04:00Z,assist,proposal_sent,First response.
INT-0102201,TCK-006101,2026-08-15T17:32:00Z,customer,message,Initial report.
INT-0102202,TCK-006101,2026-08-15T20:33:00Z,agent,message,First response.
INT-0102203,TCK-006102,2026-08-21T17:56:00Z,customer,message,Initial report.
INT-0102204,TCK-006102,2026-08-21T19:23:00Z,agent,message,First response.
INT-0102205,TCK-006103,2026-08-23T14:59:00Z,customer,message,Initial report.
INT-0102206,TCK-006103,2026-08-23T15:10:00Z,assist,proposal_sent,First response.
INT-0102207,TCK-006104,2026-08-06T12:10:00Z,customer,message,Initial report.
INT-0102208,TCK-006104,2026-08-06T13:51:00Z,agent,message,First response.
INT-0102209,TCK-006105,2026-08-10T17:24:00Z,customer,message,Initial report.
INT-0102210,TCK-006105,2026-08-10T17:50:00Z,assist,proposal_sent,First response.
INT-0102211,TCK-006106,2026-08-18T07:06:00Z,customer,message,Initial report.
INT-0102212,TCK-006106,2026-08-18T10:00:00Z,agent,message,First response.
INT-0102213,TCK-006107,2026-08-18T18:13:00Z,customer,message,Initial report.
INT-0102214,TCK-006107,2026-08-18T20:07:00Z,agent,message,First response.
INT-0102215,TCK-006108,2026-08-18T18:50:00Z,customer,message,Initial report.
INT-0102216,TCK-006108,2026-08-18T20:50:00Z,agent,message,First response.
INT-0102217,TCK-006109,2026-08-02T11:29:00Z,customer,message,Initial report.
INT-0102218,TCK-006109,2026-08-02T11:52:00Z,assist,proposal_sent,First response.
INT-0102219,TCK-006110,2026-08-23T16:00:00Z,customer,message,Initial report.
INT-0102220,TCK-006110,2026-08-23T16:23:00Z,assist,proposal_sent,First response.
INT-0102221,TCK-006111,2026-08-27T12:15:00Z,customer,message,Initial report.
INT-0102222,TCK-006111,2026-08-27T12:41:00Z,assist,proposal_sent,First response.
INT-0102223,TCK-006112,2026-08-01T11:56:00Z,customer,message,Initial report.
INT-0102224,TCK-006112,2026-08-01T13:09:00Z,agent,message,First response.
INT-0102225,TCK-006113,2026-08-14T10:55:00Z,customer,message,Initial report.
INT-0102226,TCK-006113,2026-08-14T11:16:00Z,assist,proposal_sent,First response.
INT-0102227,TCK-006114,2026-08-08T08:08:00Z,customer,message,Initial report.
INT-0102228,TCK-006114,2026-08-08T08:53:00Z,agent,message,First response.
INT-0102229,TCK-006115,2026-08-05T13:40:00Z,customer,message,Initial report.
INT-0102230,TCK-006115,2026-08-05T13:58:00Z,assist,proposal_sent,First response.
INT-0102231,TCK-006116,2026-08-05T10:56:00Z,customer,message,Initial report.
INT-0102232,TCK-006116,2026-08-05T11:34:00Z,agent,message,First response.
INT-0102233,TCK-006117,2026-08-11T07:18:00Z,customer,message,Initial report.
INT-0102234,TCK-006117,2026-08-11T09:26:00Z,agent,message,First response.
INT-0102235,TCK-006118,2026-08-25T07:13:00Z,customer,message,Initial report.
INT-0102236,TCK-006118,2026-08-25T10:12:00Z,agent,message,First response.
INT-0102237,TCK-006119,2026-08-01T16:34:00Z,customer,message,Initial report.
INT-0102238,TCK-006119,2026-08-01T18:27:00Z,agent,message,First response.
INT-0102239,TCK-006120,2026-08-15T11:40:00Z,customer,message,Initial report.
INT-0102240,TCK-006120,2026-08-15T11:51:00Z,assist,proposal_sent,First response.
INT-0102241,TCK-006121,2026-08-06T18:06:00Z,customer,message,Initial report.
INT-0102242,TCK-006121,2026-08-06T18:40:00Z,assist,proposal_sent,First response.
INT-0102243,TCK-006122,2026-08-24T07:31:00Z,customer,message,Initial report.
INT-0102244,TCK-006122,2026-08-24T09:52:00Z,agent,message,First response.
INT-0102245,TCK-006123,2026-08-26T15:22:00Z,customer,message,Initial report.
INT-0102246,TCK-006123,2026-08-26T15:48:00Z,assist,proposal_sent,First response.
INT-0102247,TCK-006124,2026-08-15T08:44:00Z,customer,message,Initial report.
INT-0102248,TCK-006124,2026-08-15T12:07:00Z,agent,message,First response.
INT-0102249,TCK-006125,2026-08-27T18:57:00Z,customer,message,Initial report.
INT-0102250,TCK-006125,2026-08-27T19:17:00Z,assist,proposal_sent,First response.
INT-0102251,TCK-006126,2026-08-09T08:49:00Z,customer,message,Initial report.
INT-0102252,TCK-006126,2026-08-09T12:19:00Z,agent,message,First response.
INT-0102253,TCK-006127,2026-08-11T18:53:00Z,customer,message,Initial report.
INT-0102254,TCK-006127,2026-08-11T20:15:00Z,agent,message,First response.
INT-0102255,TCK-006128,2026-08-25T09:10:00Z,customer,message,Initial report.
INT-0102256,TCK-006128,2026-08-25T12:20:00Z,agent,message,First response.
INT-0102257,TCK-006129,2026-08-04T16:11:00Z,customer,message,Initial report.
INT-0102258,TCK-006129,2026-08-04T16:23:00Z,assist,proposal_sent,First response.
INT-0102259,TCK-006130,2026-08-27T10:11:00Z,customer,message,Initial report.
INT-0102260,TCK-006130,2026-08-27T10:33:00Z,assist,proposal_sent,First response.
INT-0102261,TCK-006131,2026-08-19T15:13:00Z,customer,message,Initial report.
INT-0102262,TCK-006131,2026-08-19T16:55:00Z,agent,message,First response.
INT-0102263,TCK-006132,2026-08-13T07:04:00Z,customer,message,Initial report.
INT-0102264,TCK-006132,2026-08-13T10:35:00Z,agent,message,First response.
INT-0102265,TCK-006133,2026-08-08T15:12:00Z,customer,message,Initial report.
INT-0102266,TCK-006133,2026-08-08T15:46:00Z,assist,proposal_sent,First response.
INT-0102267,TCK-006134,2026-08-08T12:15:00Z,customer,message,Initial report.
INT-0102268,TCK-006134,2026-08-08T13:32:00Z,agent,message,First response.
INT-0102269,TCK-006135,2026-08-26T13:43:00Z,customer,message,Initial report.
INT-0102270,TCK-006135,2026-08-26T14:05:00Z,assist,proposal_sent,First response.
INT-0102271,TCK-006136,2026-08-25T10:52:00Z,customer,message,Initial report.
INT-0102272,TCK-006136,2026-08-25T11:46:00Z,agent,message,First response.
INT-0102273,TCK-006137,2026-08-21T11:06:00Z,customer,message,Initial report.
INT-0102274,TCK-006137,2026-08-21T11:33:00Z,assist,proposal_sent,First response.
INT-0102275,TCK-006138,2026-08-22T14:21:00Z,customer,message,Initial report.
INT-0102276,TCK-006138,2026-08-22T14:37:00Z,assist,proposal_sent,First response.
INT-0102277,TCK-006139,2026-08-10T18:52:00Z,customer,message,Initial report.
INT-0102278,TCK-006139,2026-08-10T19:30:00Z,assist,proposal_sent,First response.
INT-0102279,TCK-006140,2026-08-18T15:51:00Z,customer,message,Initial report.
INT-0102280,TCK-006140,2026-08-18T16:19:00Z,assist,proposal_sent,First response.
INT-0102281,TCK-006141,2026-08-12T16:45:00Z,customer,message,Initial report.
INT-0102282,TCK-006141,2026-08-12T18:29:00Z,agent,message,First response.
INT-0102283,TCK-006142,2026-08-25T11:34:00Z,customer,message,Initial report.
INT-0102284,TCK-006142,2026-08-25T12:07:00Z,assist,proposal_sent,First response.
INT-0102285,TCK-006143,2026-08-05T07:15:00Z,customer,message,Initial report.
INT-0102286,TCK-006143,2026-08-05T07:42:00Z,assist,proposal_sent,First response.
INT-0102287,TCK-006144,2026-08-02T09:11:00Z,customer,message,Initial report.
INT-0102288,TCK-006144,2026-08-02T11:25:00Z,agent,message,First response.
INT-0102289,TCK-006145,2026-08-20T16:09:00Z,customer,message,Initial report.
INT-0102290,TCK-006145,2026-08-20T17:42:00Z,agent,message,First response.
INT-0102291,TCK-006146,2026-08-12T08:20:00Z,customer,message,Initial report.
INT-0102292,TCK-006146,2026-08-12T08:41:00Z,assist,proposal_sent,First response.
INT-0102293,TCK-006147,2026-08-08T12:15:00Z,customer,message,Initial report.
INT-0102294,TCK-006147,2026-08-08T13:30:00Z,agent,message,First response.
INT-0102295,TCK-006148,2026-08-23T16:04:00Z,customer,message,Initial report.
INT-0102296,TCK-006148,2026-08-23T16:35:00Z,agent,message,First response.
INT-0102297,TCK-006149,2026-08-05T17:12:00Z,customer,message,Initial report.
INT-0102298,TCK-006149,2026-08-05T17:38:00Z,assist,proposal_sent,First response.
INT-0102299,TCK-006150,2026-08-23T10:19:00Z,customer,message,Initial report.
INT-0102300,TCK-006150,2026-08-23T12:19:00Z,agent,message,First response.
INT-0102301,TCK-006151,2026-08-25T17:58:00Z,customer,message,Initial report.
INT-0102302,TCK-006151,2026-08-25T19:31:00Z,agent,message,First response.
INT-0102303,TCK-006152,2026-08-26T13:18:00Z,customer,message,Initial report.
INT-0102304,TCK-006152,2026-08-26T14:59:00Z,agent,message,First response.
INT-0102305,TCK-006153,2026-08-27T09:08:00Z,customer,message,Initial report.
INT-0102306,TCK-006153,2026-08-27T09:25:00Z,assist,proposal_sent,First response.
INT-0102307,TCK-006154,2026-08-14T09:26:00Z,customer,message,Initial report.
INT-0102308,TCK-006154,2026-08-14T09:38:00Z,agent,message,First response.
INT-0102309,TCK-006155,2026-08-08T13:21:00Z,customer,message,Initial report.
INT-0102310,TCK-006155,2026-08-08T15:50:00Z,agent,message,First response.
INT-0102311,TCK-006156,2026-08-11T13:49:00Z,customer,message,Initial report.
INT-0102312,TCK-006156,2026-08-11T14:06:00Z,assist,proposal_sent,First response.
INT-0102313,TCK-006157,2026-08-15T14:35:00Z,customer,message,Initial report.
INT-0102314,TCK-006157,2026-08-15T15:04:00Z,assist,proposal_sent,First response.
INT-0102315,TCK-006158,2026-08-26T09:27:00Z,customer,message,Initial report.
INT-0102316,TCK-006158,2026-08-26T09:49:00Z,assist,proposal_sent,First response.
INT-0102317,TCK-006159,2026-08-12T11:31:00Z,customer,message,Initial report.
INT-0102318,TCK-006159,2026-08-12T14:00:00Z,agent,message,First response.
INT-0102319,TCK-006160,2026-08-14T13:33:00Z,customer,message,Initial report.
INT-0102320,TCK-006160,2026-08-14T14:47:00Z,agent,message,First response.
INT-0102321,TCK-006161,2026-08-06T09:48:00Z,customer,message,Initial report.
INT-0102322,TCK-006161,2026-08-06T10:02:00Z,assist,proposal_sent,First response.
INT-0102323,TCK-006162,2026-08-12T13:34:00Z,customer,message,Initial report.
INT-0102324,TCK-006162,2026-08-12T15:06:00Z,agent,message,First response.
INT-0102325,TCK-006163,2026-08-21T10:52:00Z,customer,message,Initial report.
INT-0102326,TCK-006163,2026-08-21T12:57:00Z,agent,message,First response.
INT-0102327,TCK-006164,2026-08-03T15:46:00Z,customer,message,Initial report.
INT-0102328,TCK-006164,2026-08-03T18:22:00Z,agent,message,First response.
INT-0102329,TCK-006165,2026-08-01T16:35:00Z,customer,message,Initial report.
INT-0102330,TCK-006165,2026-08-01T17:02:00Z,agent,message,First response.
INT-0102331,TCK-006166,2026-08-24T14:52:00Z,customer,message,Initial report.
INT-0102332,TCK-006166,2026-08-24T15:29:00Z,assist,proposal_sent,First response.
INT-0102333,TCK-006167,2026-08-07T09:10:00Z,customer,message,Initial report.
INT-0102334,TCK-006167,2026-08-07T12:36:00Z,agent,message,First response.
INT-0102335,TCK-006168,2026-08-27T14:17:00Z,customer,message,Initial report.
INT-0102336,TCK-006168,2026-08-27T14:52:00Z,assist,proposal_sent,First response.
INT-0102337,TCK-006169,2026-08-10T18:39:00Z,customer,message,Initial report.
INT-0102338,TCK-006169,2026-08-10T20:28:00Z,agent,message,First response.
INT-0102339,TCK-006170,2026-08-02T15:27:00Z,customer,message,Initial report.
INT-0102340,TCK-006170,2026-08-02T16:12:00Z,agent,message,First response.
INT-0102341,TCK-006171,2026-08-03T15:04:00Z,customer,message,Initial report.
INT-0102342,TCK-006171,2026-08-03T15:17:00Z,assist,proposal_sent,First response.
INT-0102343,TCK-006172,2026-08-26T10:22:00Z,customer,message,Initial report.
INT-0102344,TCK-006172,2026-08-26T10:31:00Z,assist,proposal_sent,First response.
INT-0102345,TCK-006173,2026-08-15T14:19:00Z,customer,message,Initial report.
INT-0102346,TCK-006173,2026-08-15T14:43:00Z,assist,proposal_sent,First response.
INT-0102347,TCK-006174,2026-08-22T13:00:00Z,customer,message,Initial report.
INT-0102348,TCK-006174,2026-08-22T13:22:00Z,assist,proposal_sent,First response.
INT-0102349,TCK-006175,2026-08-01T13:47:00Z,customer,message,Initial report.
INT-0102350,TCK-006175,2026-08-01T14:10:00Z,assist,proposal_sent,First response.
INT-0102351,TCK-006176,2026-08-16T17:19:00Z,customer,message,Initial report.
INT-0102352,TCK-006176,2026-08-16T17:58:00Z,assist,proposal_sent,First response.
INT-0102353,TCK-006177,2026-08-26T15:07:00Z,customer,message,Initial report.
INT-0102354,TCK-006177,2026-08-26T15:27:00Z,assist,proposal_sent,First response.
INT-0102355,TCK-006178,2026-08-18T13:57:00Z,customer,message,Initial report.
INT-0102356,TCK-006178,2026-08-18T14:16:00Z,assist,proposal_sent,First response.
INT-0102357,TCK-006179,2026-08-23T14:46:00Z,customer,message,Initial report.
INT-0102358,TCK-006179,2026-08-23T14:58:00Z,assist,proposal_sent,First response.
INT-0102359,TCK-006180,2026-08-27T15:58:00Z,customer,message,Initial report.
INT-0102360,TCK-006180,2026-08-27T17:08:00Z,agent,message,First response.
INT-0102361,TCK-006181,2026-08-27T11:28:00Z,customer,message,Initial report.
INT-0102362,TCK-006181,2026-08-27T13:57:00Z,agent,message,First response.
INT-0102363,TCK-006182,2026-08-13T16:35:00Z,customer,message,Initial report.
INT-0102364,TCK-006182,2026-08-13T17:09:00Z,assist,proposal_sent,First response.
INT-0102365,TCK-006183,2026-08-22T16:47:00Z,customer,message,Initial report.
INT-0102366,TCK-006183,2026-08-22T19:14:00Z,agent,message,First response.
INT-0102367,TCK-006184,2026-08-05T07:11:00Z,customer,message,Initial report.
INT-0102368,TCK-006184,2026-08-05T07:46:00Z,assist,proposal_sent,First response.
INT-0102369,TCK-006185,2026-08-09T18:24:00Z,customer,message,Initial report.
INT-0102370,TCK-006185,2026-08-09T18:58:00Z,assist,proposal_sent,First response.
INT-0102371,TCK-006186,2026-08-18T14:22:00Z,customer,message,Initial report.
INT-0102372,TCK-006186,2026-08-18T14:34:00Z,agent,message,First response.
INT-0102373,TCK-006187,2026-08-17T08:13:00Z,customer,message,Initial report.
INT-0102374,TCK-006187,2026-08-17T08:28:00Z,assist,proposal_sent,First response.
INT-0102375,TCK-006188,2026-08-08T10:35:00Z,customer,message,Initial report.
INT-0102376,TCK-006188,2026-08-08T12:13:00Z,agent,message,First response.
INT-0102377,TCK-006189,2026-08-12T11:43:00Z,customer,message,Initial report.
INT-0102378,TCK-006189,2026-08-12T13:14:00Z,agent,message,First response.
INT-0102379,TCK-006190,2026-08-19T11:52:00Z,customer,message,Initial report.
INT-0102380,TCK-006190,2026-08-19T12:40:00Z,agent,message,First response.
INT-0102381,TCK-006191,2026-08-03T12:16:00Z,customer,message,Initial report.
INT-0102382,TCK-006191,2026-08-03T12:56:00Z,assist,proposal_sent,First response.
INT-0102383,TCK-006192,2026-08-06T16:38:00Z,customer,message,Initial report.
INT-0102384,TCK-006192,2026-08-06T16:49:00Z,assist,proposal_sent,First response.
INT-0102385,TCK-006193,2026-08-03T08:43:00Z,customer,message,Initial report.
INT-0102386,TCK-006193,2026-08-03T10:22:00Z,agent,message,First response.
INT-0102387,TCK-006194,2026-08-11T18:05:00Z,customer,message,Initial report.
INT-0102388,TCK-006194,2026-08-11T20:49:00Z,agent,message,First response.
INT-0102389,TCK-006195,2026-08-22T10:29:00Z,customer,message,Initial report.
INT-0102390,TCK-006195,2026-08-22T11:39:00Z,agent,message,First response.
INT-0102391,TCK-006196,2026-08-17T17:39:00Z,customer,message,Initial report.
INT-0102392,TCK-006196,2026-08-17T19:56:00Z,agent,message,First response.
INT-0102393,TCK-006197,2026-08-27T07:21:00Z,customer,message,Initial report.
INT-0102394,TCK-006197,2026-08-27T09:26:00Z,agent,message,First response.
INT-0102395,TCK-006198,2026-08-14T14:38:00Z,customer,message,Initial report.
INT-0102396,TCK-006198,2026-08-14T16:51:00Z,agent,message,First response.
INT-0102397,TCK-006199,2026-08-25T16:25:00Z,customer,message,Initial report.
INT-0102398,TCK-006199,2026-08-25T16:39:00Z,assist,proposal_sent,First response.
INT-0102399,TCK-006200,2026-08-22T10:01:00Z,customer,message,Initial report.
INT-0102400,TCK-006200,2026-08-22T11:27:00Z,agent,message,First response.
INT-0102401,TCK-006201,2026-08-20T15:52:00Z,customer,message,Initial report.
INT-0102402,TCK-006201,2026-08-20T16:16:00Z,assist,proposal_sent,First response.
INT-0102403,TCK-006202,2026-08-01T07:54:00Z,customer,message,Initial report.
INT-0102404,TCK-006202,2026-08-01T09:42:00Z,agent,message,First response.
INT-0102405,TCK-006203,2026-08-17T13:25:00Z,customer,message,Initial report.
INT-0102406,TCK-006203,2026-08-17T14:05:00Z,agent,message,First response.
INT-0102407,TCK-006204,2026-08-11T13:46:00Z,customer,message,Initial report.
INT-0102408,TCK-006204,2026-08-11T16:26:00Z,agent,message,First response.
INT-0102409,TCK-006205,2026-08-24T08:10:00Z,customer,message,Initial report.
INT-0102410,TCK-006205,2026-08-24T10:34:00Z,agent,message,First response.
INT-0102411,TCK-006206,2026-08-26T14:34:00Z,customer,message,Initial report.
INT-0102412,TCK-006206,2026-08-26T16:46:00Z,agent,message,First response.
INT-0102413,TCK-006207,2026-08-06T11:57:00Z,customer,message,Initial report.
INT-0102414,TCK-006207,2026-08-06T13:58:00Z,agent,message,First response.
INT-0102415,TCK-006208,2026-08-15T15:08:00Z,customer,message,Initial report.
INT-0102416,TCK-006208,2026-08-15T16:05:00Z,agent,message,First response.
INT-0102417,TCK-006209,2026-08-17T13:05:00Z,customer,message,Initial report.
INT-0102418,TCK-006209,2026-08-17T16:09:00Z,agent,message,First response.
INT-0102419,TCK-006210,2026-08-07T12:26:00Z,customer,message,Initial report.
INT-0102420,TCK-006210,2026-08-07T15:13:00Z,agent,message,First response.
INT-0102421,TCK-006211,2026-08-08T18:30:00Z,customer,message,Initial report.
INT-0102422,TCK-006211,2026-08-08T18:58:00Z,agent,message,First response.
INT-0102423,TCK-006212,2026-08-02T17:09:00Z,customer,message,Initial report.
INT-0102424,TCK-006212,2026-08-02T19:00:00Z,agent,message,First response.
INT-0102425,TCK-006213,2026-08-10T17:22:00Z,customer,message,Initial report.
INT-0102426,TCK-006213,2026-08-10T18:29:00Z,agent,message,First response.
INT-0102427,TCK-006214,2026-08-17T12:05:00Z,customer,message,Initial report.
INT-0102428,TCK-006214,2026-08-17T13:40:00Z,agent,message,First response.
INT-0102429,TCK-006215,2026-08-10T09:50:00Z,customer,message,Initial report.
INT-0102430,TCK-006215,2026-08-10T11:11:00Z,agent,message,First response.
INT-0102431,TCK-006216,2026-08-07T10:02:00Z,customer,message,Initial report.
INT-0102432,TCK-006216,2026-08-07T11:19:00Z,agent,message,First response.
INT-0102433,TCK-006217,2026-08-08T12:59:00Z,customer,message,Initial report.
INT-0102434,TCK-006217,2026-08-08T13:37:00Z,agent,message,First response.
INT-0102435,TCK-006218,2026-08-25T12:48:00Z,customer,message,Initial report.
INT-0102436,TCK-006218,2026-08-25T14:50:00Z,agent,message,First response.
INT-0102437,TCK-006219,2026-08-23T10:16:00Z,customer,message,Initial report.
INT-0102438,TCK-006219,2026-08-23T11:44:00Z,agent,message,First response.
INT-0102439,TCK-006220,2026-08-23T09:14:00Z,customer,message,Initial report.
INT-0102440,TCK-006220,2026-08-23T11:13:00Z,agent,message,First response.
INT-0102441,TCK-006221,2026-08-19T10:01:00Z,customer,message,Initial report.
INT-0102442,TCK-006221,2026-08-19T11:49:00Z,agent,message,First response.
INT-0102443,TCK-006222,2026-08-20T12:51:00Z,customer,message,Initial report.
INT-0102444,TCK-006222,2026-08-20T15:48:00Z,agent,message,First response.
INT-0102445,TCK-006223,2026-08-07T16:23:00Z,customer,message,Initial report.
INT-0102446,TCK-006223,2026-08-07T17:32:00Z,agent,message,First response.
INT-0102447,TCK-006224,2026-08-09T09:18:00Z,customer,message,Initial report.
INT-0102448,TCK-006224,2026-08-09T12:42:00Z,agent,message,First response.
